iter,best_avalanche,best_balance,best_period,best_chisq,best_length,best_composite,accepted,beats_ref
0,17.2490,31.6094,4096,268.1250,9,-104.0941,1,0
1,17.2490,31.6094,4096,268.1250,9,-104.0941,2,0
2,17.2490,31.6094,4096,268.1250,9,-104.0941,3,0
3,17.2490,31.6094,4096,268.1250,9,-104.0941,4,0
4,17.2490,31.6094,4096,268.1250,9,-104.0941,5,0
5,17.2490,31.6094,4096,268.1250,9,-104.0941,6,0
6,17.2490,31.6094,4096,268.1250,9,-104.0941,7,0
7,17.2490,31.6094,4096,268.1250,9,-104.0941,7,0
8,17.2490,31.6094,4096,268.1250,9,-104.0941,8,0
9,17.2490,31.6094,4096,268.1250,9,-104.0941,9,0
10,17.2490,31.6094,4096,268.1250,9,-104.0941,10,0
11,17.2490,31.6094,4096,268.1250,9,-104.0941,10,0
12,17.2490,31.6094,4096,268.1250,9,-104.0941,11,0
13,17.2490,31.6094,4096,268.1250,9,-104.0941,11,0
14,17.2490,31.6094,4096,268.1250,9,-104.0941,11,0
15,17.2490,31.6094,4096,268.1250,9,-104.0941,12,0
16,17.2490,31.6094,4096,268.1250,9,-104.0941,12,0
17,17.2490,31.6094,4096,268.1250,9,-104.0941,12,0
18,17.2490,31.6094,4096,268.1250,9,-104.0941,13,0
19,17.2490,31.6094,4096,268.1250,9,-104.0941,14,0
20,17.2490,31.6094,4096,268.1250,9,-104.0941,15,0
21,17.2490,31.6094,4096,268.1250,9,-104.0941,16,0
22,17.2490,31.6094,4096,268.1250,9,-104.0941,17,0
23,17.2490,31.6094,4096,268.1250,9,-104.0941,18,0
24,17.2490,31.6094,4096,268.1250,9,-104.0941,19,0
25,17.2490,31.6094,4096,268.1250,9,-104.0941,19,0
26,17.2490,31.6094,4096,268.1250,9,-104.0941,19,0
27,17.2490,31.6094,4096,268.1250,9,-104.0941,20,0
28,17.2490,31.6094,4096,268.1250,9,-104.0941,21,0
29,17.2490,31.6094,4096,268.1250,9,-104.0941,22,0
30,17.2490,31.6094,4096,268.1250,9,-104.0941,23,0
31,17.2490,31.6094,4096,268.1250,9,-104.0941,24,0
32,17.2490,31.6094,4096,268.1250,9,-104.0941,25,0
33,17.2490,31.6094,4096,268.1250,9,-104.0941,25,0
34,17.2490,31.6094,4096,268.1250,9,-104.0941,26,0
35,17.2490,31.6094,4096,268.1250,9,-104.0941,27,0
36,17.2490,31.6094,4096,268.1250,9,-104.0941,28,0
37,17.2490,31.6094,4096,268.1250,9,-104.0941,29,0
38,24.3157,32.1055,4096,256.5000,10,-32.3856,30,0
39,24.3157,32.1055,4096,256.5000,10,-32.3856,31,0
40,24.3157,32.1055,4096,256.5000,10,-32.3856,32,0
41,24.3157,32.1055,4096,256.5000,10,-32.3856,33,0
42,24.3157,32.1055,4096,256.5000,10,-32.3856,34,0
43,24.3157,32.1055,4096,256.5000,10,-32.3856,35,0
44,24.3157,32.1055,4096,256.5000,10,-32.3856,36,0
45,24.3157,32.1055,4096,256.5000,10,-32.3856,37,0
46,24.3157,32.1055,4096,256.5000,10,-32.3856,38,0
47,24.3157,32.1055,4096,256.5000,10,-32.3856,39,0
48,24.3157,32.1055,4096,256.5000,10,-32.3856,40,0
49,24.3157,32.1055,4096,256.5000,10,-32.3856,41,0
50,24.3157,32.1055,4096,256.5000,10,-32.3856,42,0
51,24.3157,32.1055,4096,256.5000,10,-32.3856,43,0
52,24.3157,32.1055,4096,256.5000,10,-32.3856,44,0
53,24.3157,32.1055,4096,256.5000,10,-32.3856,45,0
54,24.3157,32.1055,4096,256.5000,10,-32.3856,46,0
55,24.3157,32.1055,4096,256.5000,10,-32.3856,47,0
56,24.3157,32.1055,4096,256.5000,10,-32.3856,48,0
57,24.3157,32.1055,4096,256.5000,10,-32.3856,48,0
58,24.3157,32.1055,4096,256.5000,10,-32.3856,48,0
59,24.3157,32.1055,4096,256.5000,10,-32.3856,49,0
60,24.3157,32.1055,4096,256.5000,10,-32.3856,50,0
61,24.3157,32.1055,4096,256.5000,10,-32.3856,50,0
62,24.3157,32.1055,4096,256.5000,10,-32.3856,50,0
63,24.3157,32.1055,4096,256.5000,10,-32.3856,51,0
64,24.3157,32.1055,4096,256.5000,10,-32.3856,52,0
65,24.3157,32.1055,4096,256.5000,10,-32.3856,52,0
66,24.3157,32.1055,4096,256.5000,10,-32.3856,53,0
67,24.3157,32.1055,4096,256.5000,10,-32.3856,54,0
68,24.3157,32.1055,4096,256.5000,10,-32.3856,55,0
69,24.3157,32.1055,4096,256.5000,9,-31.8856,56,0
70,24.3157,32.1055,4096,256.5000,9,-31.8856,56,0
71,24.3157,32.1055,4096,256.5000,9,-31.8856,57,0
72,24.3157,32.1055,4096,256.5000,9,-31.8856,57,0
73,24.3157,32.1055,4096,256.5000,9,-31.8856,57,0
74,24.3157,32.1055,4096,256.5000,9,-31.8856,58,0
75,24.3157,32.1055,4096,256.5000,9,-31.8856,59,0
76,24.3157,32.1055,4096,256.5000,9,-31.8856,59,0
77,24.3157,32.1055,4096,256.5000,9,-31.8856,60,0
78,24.3157,32.1055,4096,256.5000,9,-31.8856,61,0
79,24.3157,32.1055,4096,256.5000,9,-31.8856,62,0
80,30.5417,31.8672,4096,242.1250,11,29.2534,63,0
81,30.5417,31.8672,4096,242.1250,11,29.2534,64,0
82,30.5417,31.8672,4096,242.1250,11,29.2534,65,0
83,30.5417,31.8672,4096,242.1250,11,29.2534,65,0
84,30.5417,31.8672,4096,242.1250,11,29.2534,65,0
85,30.5417,31.8672,4096,242.1250,11,29.2534,66,0
86,30.5417,31.8672,4096,242.1250,11,29.2534,67,0
87,30.5417,31.8672,4096,242.1250,11,29.2534,68,0
88,30.5417,31.8672,4096,242.1250,11,29.2534,69,0
89,30.5417,31.8672,4096,242.1250,11,29.2534,70,0
90,30.5417,31.8672,4096,242.1250,11,29.2534,70,0
91,30.5417,31.8672,4096,242.1250,11,29.2534,71,0
92,30.5417,31.8672,4096,242.1250,11,29.2534,72,0
93,30.5417,31.8672,4096,242.1250,11,29.2534,73,0
94,30.5417,31.8672,4096,242.1250,11,29.2534,74,0
95,30.5417,31.8672,4096,242.1250,11,29.2534,75,0
96,30.5417,31.8672,4096,242.1250,11,29.2534,75,0
97,30.5417,31.8672,4096,242.1250,11,29.2534,76,0
98,30.5417,31.8672,4096,242.1250,11,29.2534,77,0
99,30.5417,31.8672,4096,242.1250,11,29.2534,78,0
100,30.5417,31.8672,4096,242.1250,11,29.2534,79,0
101,30.5417,31.8672,4096,242.1250,11,29.2534,80,0
102,30.5417,31.8672,4096,242.1250,11,29.2534,81,0
103,30.5417,31.8672,4096,242.1250,11,29.2534,81,0
104,30.5417,31.8672,4096,242.1250,11,29.2534,82,0
105,31.8716,32.2695,4096,254.3750,12,41.3682,83,0
106,31.8716,32.2695,4096,254.3750,12,41.3682,84,0
107,31.8716,32.2695,4096,254.3750,12,41.3682,85,0
108,31.8716,32.2695,4096,254.3750,12,41.3682,86,0
109,31.8716,32.2695,4096,254.3750,12,41.3682,87,0
110,31.8716,32.2695,4096,254.3750,12,41.3682,88,0
111,31.7969,32.0117,4096,271.1250,12,41.7489,89,0
112,31.7969,32.0117,4096,271.1250,12,41.7489,90,0
113,31.7969,32.0117,4096,271.1250,12,41.7489,91,0
114,31.7969,32.0117,4096,271.1250,12,41.7489,91,0
115,31.7969,32.0117,4096,271.1250,12,41.7489,91,0
116,31.7969,32.0117,4096,271.1250,12,41.7489,91,0
117,31.7969,32.0117,4096,271.1250,12,41.7489,92,0
118,31.7969,32.0117,4096,271.1250,12,41.7489,93,0
119,31.7969,32.0117,4096,271.1250,12,41.7489,94,0
120,31.7969,32.0117,4096,271.1250,12,41.7489,95,0
121,31.7969,32.0117,4096,271.1250,12,41.7489,96,0
122,31.7969,32.0117,4096,271.1250,12,41.7489,96,0
123,31.7969,32.0117,4096,271.1250,12,41.7489,97,0
124,31.7969,32.0117,4096,271.1250,12,41.7489,97,0
125,31.7969,32.0117,4096,271.1250,12,41.7489,98,0
126,31.7969,32.0117,4096,271.1250,12,41.7489,99,0
127,31.7969,32.0117,4096,271.1250,12,41.7489,100,0
128,31.7969,32.0117,4096,271.1250,11,42.2489,101,0
129,31.7969,32.0117,4096,271.1250,11,42.2489,102,0
130,31.7969,32.0117,4096,271.1250,11,42.2489,102,0
131,31.7969,32.0117,4096,271.1250,11,42.2489,103,0
132,31.7969,32.0117,4096,271.1250,11,42.2489,104,0
133,31.7969,32.0117,4096,271.1250,11,42.2489,104,0
134,31.7969,32.0117,4096,271.1250,11,42.2489,105,0
135,31.7969,32.0117,4096,271.1250,11,42.2489,105,0
136,31.7969,32.0117,4096,271.1250,11,42.2489,106,0
137,31.7969,32.0117,4096,271.1250,11,42.2489,106,0
138,31.7969,32.0117,4096,271.1250,11,42.2489,106,0
139,31.7969,32.0117,4096,271.1250,11,42.2489,106,0
140,31.7969,32.0117,4096,271.1250,11,42.2489,107,0
141,31.7969,32.0117,4096,271.1250,11,42.2489,108,0
142,31.7969,32.0117,4096,271.1250,11,42.2489,109,0
143,31.7969,32.0117,4096,271.1250,11,42.2489,109,0
144,31.7969,32.0117,4096,271.1250,11,42.2489,110,0
145,31.7969,32.0117,4096,271.1250,11,42.2489,110,0
146,31.7969,32.0117,4096,271.1250,11,42.2489,110,0
147,31.7969,32.0117,4096,271.1250,11,42.2489,111,0
148,31.7969,32.0117,4096,271.1250,11,42.2489,112,0
149,31.7969,32.0117,4096,271.1250,11,42.2489,113,0
150,31.7969,32.0117,4096,271.1250,11,42.2489,114,0
151,31.7969,32.0117,4096,271.1250,11,42.2489,115,0
152,31.7969,32.0117,4096,271.1250,11,42.2489,116,0
153,31.7969,32.0117,4096,271.1250,11,42.2489,117,0
154,31.7969,32.0117,4096,271.1250,11,42.2489,118,0
155,31.7969,32.0117,4096,271.1250,11,42.2489,119,0
156,31.7969,32.0117,4096,271.1250,11,42.2489,119,0
157,31.7969,32.0117,4096,271.1250,11,42.2489,119,0
158,31.7969,32.0117,4096,271.1250,11,42.2489,120,0
159,31.7969,32.0117,4096,271.1250,11,42.2489,120,0
160,31.7969,32.0117,4096,271.1250,11,42.2489,121,0
161,31.7969,32.0117,4096,271.1250,11,42.2489,121,0
162,31.7969,32.0117,4096,271.1250,11,42.2489,121,0
163,31.7969,32.0117,4096,271.1250,11,42.2489,121,0
164,31.7969,32.0117,4096,271.1250,11,42.2489,122,0
165,31.7969,32.0117,4096,271.1250,11,42.2489,123,0
166,31.7969,32.0117,4096,271.1250,11,42.2489,123,0
167,31.7969,32.0117,4096,271.1250,11,42.2489,124,0
168,31.7969,32.0117,4096,271.1250,10,42.7489,125,0
169,31.7969,32.0117,4096,271.1250,10,42.7489,125,0
170,31.7969,32.0117,4096,271.1250,10,42.7489,126,0
171,31.7969,32.0117,4096,271.1250,10,42.7489,126,0
172,31.7969,32.0117,4096,271.1250,10,42.7489,126,0
173,31.7969,32.0117,4096,271.1250,10,42.7489,126,0
174,31.7969,32.0117,4096,271.1250,10,42.7489,127,0
175,31.7969,32.0117,4096,271.1250,10,42.7489,128,0
176,31.7969,32.0117,4096,271.1250,10,42.7489,129,0
177,31.7969,32.0117,4096,271.1250,10,42.7489,129,0
178,31.7969,32.0117,4096,271.1250,10,42.7489,129,0
179,31.7969,32.0117,4096,271.1250,10,42.7489,129,0
180,31.7969,32.0117,4096,271.1250,10,42.7489,130,0
181,31.7969,32.0117,4096,271.1250,10,42.7489,131,0
182,31.7969,32.0117,4096,271.1250,10,42.7489,132,0
183,31.7969,32.0117,4096,271.1250,10,42.7489,133,0
184,31.7969,32.0117,4096,271.1250,10,42.7489,134,0
185,31.7969,32.0117,4096,271.1250,10,42.7489,135,0
186,31.7969,32.0117,4096,271.1250,10,42.7489,136,0
187,31.7969,32.0117,4096,271.1250,10,42.7489,137,0
188,31.7969,32.0117,4096,271.1250,10,42.7489,138,0
189,31.7969,32.0117,4096,271.1250,10,42.7489,138,0
190,31.7969,32.0117,4096,271.1250,10,42.7489,139,0
191,31.7969,32.0117,4096,271.1250,10,42.7489,140,0
192,31.7969,32.0117,4096,271.1250,10,42.7489,140,0
193,31.7969,32.0117,4096,271.1250,10,42.7489,140,0
194,31.7969,32.0117,4096,271.1250,10,42.7489,141,0
195,31.7969,32.0117,4096,271.1250,10,42.7489,141,0
196,31.7969,32.0117,4096,271.1250,10,42.7489,141,0
197,31.7969,32.0117,4096,271.1250,10,42.7489,142,0
198,31.7969,32.0117,4096,271.1250,10,42.7489,143,0
199,31.7969,32.0117,4096,271.1250,10,42.7489,144,0
200,31.7969,32.0117,4096,271.1250,10,42.7489,144,0
201,31.7969,32.0117,4096,271.1250,10,42.7489,145,0
202,31.7969,32.0117,4096,271.1250,10,42.7489,146,0
203,31.7969,32.0117,4096,271.1250,10,42.7489,147,0
204,31.7969,32.0117,4096,271.1250,10,42.7489,148,0
205,31.7969,32.0117,4096,271.1250,10,42.7489,148,0
206,31.7969,32.0117,4096,271.1250,10,42.7489,148,0
207,31.7969,32.0117,4096,271.1250,10,42.7489,149,0
208,31.7969,32.0117,4096,271.1250,10,42.7489,150,0
209,31.7969,32.0117,4096,271.1250,10,42.7489,150,0
210,31.7969,32.0117,4096,271.1250,10,42.7489,151,0
211,31.7969,32.0117,4096,271.1250,10,42.7489,152,0
212,31.7969,32.0117,4096,271.1250,10,42.7489,153,0
213,31.7969,32.0117,4096,271.1250,10,42.7489,154,0
214,31.7969,32.0117,4096,271.1250,10,42.7489,154,0
215,31.7969,32.0117,4096,271.1250,9,43.2489,155,0
216,31.7969,32.0117,4096,271.1250,9,43.2489,156,0
217,31.7969,32.0117,4096,271.1250,9,43.2489,157,0
218,31.7969,32.0117,4096,271.1250,9,43.2489,158,0
219,31.7969,32.0117,4096,271.1250,9,43.2489,159,0
220,31.7969,32.0117,4096,271.1250,9,43.2489,159,0
221,31.7969,32.0117,4096,271.1250,9,43.2489,160,0
222,31.7969,32.0117,4096,271.1250,9,43.2489,160,0
223,31.7969,32.0117,4096,271.1250,9,43.2489,161,0
224,31.7969,32.0117,4096,271.1250,9,43.2489,161,0
225,31.7969,32.0117,4096,271.1250,9,43.2489,161,0
226,31.7969,32.0117,4096,271.1250,9,43.2489,162,0
227,31.7969,32.0117,4096,271.1250,9,43.2489,162,0
228,31.7969,32.0117,4096,271.1250,9,43.2489,163,0
229,31.7969,32.0117,4096,271.1250,9,43.2489,163,0
230,31.7969,32.0117,4096,271.1250,9,43.2489,164,0
231,31.7969,32.0117,4096,271.1250,9,43.2489,164,0
232,31.7969,32.0117,4096,271.1250,9,43.2489,165,0
233,31.7969,32.0117,4096,271.1250,9,43.2489,165,0
234,31.7969,32.0117,4096,271.1250,9,43.2489,166,0
235,31.7969,32.0117,4096,271.1250,9,43.2489,167,0
236,31.7969,32.0117,4096,271.1250,9,43.2489,167,0
237,31.7969,32.0117,4096,271.1250,9,43.2489,167,0
238,31.7969,32.0117,4096,271.1250,9,43.2489,167,0
239,31.7969,32.0117,4096,271.1250,9,43.2489,167,0
240,31.7969,32.0117,4096,271.1250,9,43.2489,168,0
241,31.7969,32.0117,4096,271.1250,9,43.2489,169,0
242,31.8850,32.0664,4096,228.7500,10,43.5181,170,0
243,31.8850,32.0664,4096,228.7500,10,43.5181,171,0
244,31.8850,32.0664,4096,228.7500,10,43.5181,172,0
245,31.8850,32.0664,4096,228.7500,10,43.5181,173,0
246,31.8850,32.0664,4096,228.7500,10,43.5181,174,0
247,31.8850,32.0664,4096,228.7500,10,43.5181,175,0
248,31.8850,32.0664,4096,228.7500,10,43.5181,176,0
249,31.8850,32.0664,4096,228.7500,10,43.5181,176,0
250,31.8850,32.0664,4096,228.7500,10,43.5181,177,0
251,31.8850,32.0664,4096,228.7500,10,43.5181,178,0
252,31.8850,32.0664,4096,228.7500,10,43.5181,178,0
253,31.8850,32.0664,4096,228.7500,10,43.5181,178,0
254,31.8850,32.0664,4096,228.7500,10,43.5181,178,0
255,31.8850,32.0664,4096,228.7500,10,43.5181,179,0
256,31.8850,32.0664,4096,228.7500,10,43.5181,179,0
257,31.8850,32.0664,4096,228.7500,10,43.5181,180,0
258,31.8850,32.0664,4096,228.7500,10,43.5181,181,0
259,31.8850,32.0664,4096,228.7500,10,43.5181,182,0
260,31.8850,32.0664,4096,228.7500,10,43.5181,182,0
261,31.8850,32.0664,4096,228.7500,10,43.5181,183,0
262,31.8850,32.0664,4096,228.7500,10,43.5181,183,0
263,31.8850,32.0664,4096,228.7500,10,43.5181,183,0
264,31.8850,32.0664,4096,228.7500,10,43.5181,183,0
265,31.8850,32.0664,4096,228.7500,10,43.5181,184,0
266,31.8850,32.0664,4096,228.7500,10,43.5181,184,0
267,31.8850,32.0664,4096,228.7500,10,43.5181,185,0
268,31.8850,32.0664,4096,228.7500,10,43.5181,185,0
269,31.8850,32.0664,4096,228.7500,10,43.5181,186,0
270,31.8850,32.0664,4096,228.7500,10,43.5181,186,0
271,31.8850,32.0664,4096,228.7500,10,43.5181,186,0
272,31.8850,32.0664,4096,228.7500,10,43.5181,187,0
273,31.8850,32.0664,4096,228.7500,10,43.5181,187,0
274,31.8850,32.0664,4096,228.7500,10,43.5181,188,0
275,31.8850,32.0664,4096,228.7500,10,43.5181,189,0
276,31.8850,32.0664,4096,228.7500,10,43.5181,189,0
277,31.8850,32.0664,4096,228.7500,10,43.5181,190,0
278,31.8850,32.0664,4096,228.7500,10,43.5181,191,0
279,31.8850,32.0664,4096,228.7500,10,43.5181,192,0
280,31.8850,32.0664,4096,228.7500,10,43.5181,193,0
281,31.7969,32.0117,4096,271.1250,8,43.7489,194,0
282,31.7969,32.0117,4096,271.1250,8,43.7489,194,0
283,31.7969,32.0117,4096,271.1250,8,43.7489,194,0
284,31.7969,32.0117,4096,271.1250,8,43.7489,195,0
285,31.7969,32.0117,4096,271.1250,8,43.7489,196,0
286,31.7969,32.0117,4096,271.1250,8,43.7489,197,0
287,31.7969,32.0117,4096,271.1250,8,43.7489,197,0
288,31.7969,32.0117,4096,271.1250,8,43.7489,198,0
289,31.7969,32.0117,4096,271.1250,8,43.7489,199,0
290,31.7969,32.0117,4096,271.1250,8,43.7489,200,0
291,31.7969,32.0117,4096,271.1250,8,43.7489,201,0
292,31.7969,32.0117,4096,271.1250,8,43.7489,201,0
293,31.7969,32.0117,4096,271.1250,8,43.7489,201,0
294,31.7969,32.0117,4096,271.1250,8,43.7489,201,0
295,31.8850,32.0664,4096,228.7500,9,44.0181,202,0
296,31.8850,32.0664,4096,228.7500,9,44.0181,203,0
297,31.8850,32.0664,4096,228.7500,9,44.0181,204,0
298,31.8850,32.0664,4096,228.7500,9,44.0181,205,0
299,31.8850,32.0664,4096,228.7500,9,44.0181,206,0
300,31.8850,32.0664,4096,228.7500,9,44.0181,206,0
301,31.8850,32.0664,4096,228.7500,9,44.0181,207,0
302,31.8850,32.0664,4096,228.7500,9,44.0181,207,0
303,31.8850,32.0664,4096,228.7500,9,44.0181,207,0
304,31.8850,32.0664,4096,228.7500,9,44.0181,207,0
305,31.8850,32.0664,4096,228.7500,9,44.0181,208,0
306,31.8850,32.0664,4096,228.7500,9,44.0181,208,0
307,31.8850,32.0664,4096,228.7500,9,44.0181,209,0
308,31.8850,32.0664,4096,228.7500,9,44.0181,209,0
309,31.8850,32.0664,4096,228.7500,9,44.0181,209,0
310,31.8850,32.0664,4096,228.7500,9,44.0181,210,0
311,31.8850,32.0664,4096,228.7500,9,44.0181,211,0
312,31.8850,32.0664,4096,228.7500,9,44.0181,211,0
313,31.8850,32.0664,4096,228.7500,9,44.0181,212,0
314,31.8850,32.0664,4096,228.7500,9,44.0181,212,0
315,31.8850,32.0664,4096,228.7500,9,44.0181,213,0
316,31.8850,32.0664,4096,228.7500,9,44.0181,214,0
317,31.8850,32.0664,4096,228.7500,9,44.0181,214,0
318,31.8850,32.0664,4096,228.7500,9,44.0181,214,0
319,31.8850,32.0664,4096,228.7500,9,44.0181,215,0
320,31.8850,32.0664,4096,228.7500,9,44.0181,216,0
321,31.8850,32.0664,4096,228.7500,9,44.0181,216,0
322,31.8850,32.0664,4096,228.7500,9,44.0181,217,0
323,31.8850,32.0664,4096,228.7500,9,44.0181,218,0
324,31.8850,32.0664,4096,228.7500,9,44.0181,218,0
325,31.8850,32.0664,4096,228.7500,9,44.0181,219,0
326,31.8850,32.0664,4096,228.7500,9,44.0181,220,0
327,31.8850,32.0664,4096,228.7500,9,44.0181,220,0
328,31.8850,32.0664,4096,228.7500,9,44.0181,220,0
329,31.8850,32.0664,4096,228.7500,9,44.0181,220,0
330,31.8850,32.0664,4096,228.7500,9,44.0181,220,0
331,31.8850,32.0664,4096,228.7500,9,44.0181,221,0
332,31.8850,32.0664,4096,228.7500,9,44.0181,222,0
333,31.8850,32.0664,4096,228.7500,9,44.0181,222,0
334,31.8850,32.0664,4096,228.7500,9,44.0181,223,0
335,31.8850,32.0664,4096,228.7500,9,44.0181,223,0
336,31.8850,32.0664,4096,228.7500,9,44.0181,223,0
337,31.8850,32.0664,4096,228.7500,9,44.0181,223,0
338,31.8850,32.0664,4096,228.7500,9,44.0181,224,0
339,31.8850,32.0664,4096,228.7500,9,44.0181,225,0
340,31.8850,32.0664,4096,228.7500,9,44.0181,226,0
341,31.8850,32.0664,4096,228.7500,9,44.0181,227,0
342,31.8850,32.0664,4096,228.7500,9,44.0181,228,0
343,31.8850,32.0664,4096,228.7500,9,44.0181,229,0
344,31.8850,32.0664,4096,228.7500,9,44.0181,229,0
345,31.8850,32.0664,4096,228.7500,9,44.0181,230,0
346,31.8850,32.0664,4096,228.7500,9,44.0181,231,0
347,31.8850,32.0664,4096,228.7500,9,44.0181,231,0
348,31.8850,32.0664,4096,228.7500,9,44.0181,231,0
349,31.8850,32.0664,4096,228.7500,9,44.0181,232,0
350,31.8850,32.0664,4096,228.7500,9,44.0181,232,0
351,31.8850,32.0664,4096,228.7500,9,44.0181,233,0
352,31.8850,32.0664,4096,228.7500,9,44.0181,233,0
353,31.8850,32.0664,4096,228.7500,9,44.0181,234,0
354,31.8850,32.0664,4096,228.7500,9,44.0181,235,0
355,31.8850,32.0664,4096,228.7500,9,44.0181,236,0
356,31.8850,32.0664,4096,228.7500,9,44.0181,237,0
357,31.8850,32.0664,4096,228.7500,9,44.0181,238,0
358,31.8850,32.0664,4096,228.7500,9,44.0181,238,0
359,31.8850,32.0664,4096,228.7500,9,44.0181,239,0
360,31.8850,32.0664,4096,228.7500,9,44.0181,239,0
361,31.9543,32.1250,4096,261.5000,9,44.3535,240,0
362,31.9543,32.1250,4096,261.5000,8,44.8535,241,0
363,31.9543,32.1250,4096,261.5000,8,44.8535,241,0
364,31.9543,32.1250,4096,261.5000,8,44.8535,242,0
365,31.9543,32.1250,4096,261.5000,8,44.8535,242,0
366,31.9543,32.1250,4096,261.5000,8,44.8535,243,0
367,31.9543,32.1250,4096,261.5000,8,44.8535,243,0
368,31.9543,32.1250,4096,261.5000,8,44.8535,244,0
369,31.9543,32.1250,4096,261.5000,8,44.8535,245,0
370,31.9543,32.1250,4096,261.5000,8,44.8535,245,0
371,31.9543,32.1250,4096,261.5000,8,44.8535,246,0
372,31.9543,32.1250,4096,261.5000,8,44.8535,246,0
373,31.9543,32.1250,4096,261.5000,8,44.8535,246,0
374,31.9543,32.1250,4096,261.5000,8,44.8535,247,0
375,31.9543,32.1250,4096,261.5000,8,44.8535,248,0
376,31.9543,32.1250,4096,261.5000,8,44.8535,249,0
377,31.9543,32.1250,4096,261.5000,8,44.8535,250,0
378,31.9543,32.1250,4096,261.5000,8,44.8535,250,0
379,31.9543,32.1250,4096,261.5000,8,44.8535,251,0
380,31.9543,32.1250,4096,261.5000,8,44.8535,252,0
381,31.9543,32.1250,4096,261.5000,8,44.8535,253,0
382,31.9543,32.1250,4096,261.5000,8,44.8535,254,0
383,31.9543,32.1250,4096,261.5000,8,44.8535,255,0
384,31.9543,32.1250,4096,261.5000,8,44.8535,256,0
385,31.9543,32.1250,4096,261.5000,8,44.8535,257,0
386,31.9543,32.1250,4096,261.5000,8,44.8535,258,0
387,31.9543,32.1250,4096,261.5000,8,44.8535,258,0
388,31.9543,32.1250,4096,261.5000,8,44.8535,258,0
389,31.9543,32.1250,4096,261.5000,8,44.8535,259,0
390,31.9543,32.1250,4096,261.5000,8,44.8535,260,0
391,31.9543,32.1250,4096,261.5000,8,44.8535,260,0
392,31.9543,32.1250,4096,261.5000,8,44.8535,261,0
393,31.9543,32.1250,4096,261.5000,8,44.8535,262,0
394,31.9543,32.1250,4096,261.5000,8,44.8535,263,0
395,31.9543,32.1250,4096,261.5000,8,44.8535,263,0
396,31.9543,32.1250,4096,261.5000,8,44.8535,263,0
397,31.9543,32.1250,4096,261.5000,8,44.8535,264,0
398,31.9543,32.1250,4096,261.5000,8,44.8535,265,0
399,31.9543,32.1250,4096,261.5000,8,44.8535,265,0
400,31.9543,32.1250,4096,261.5000,8,44.8535,265,0
401,31.9543,32.1250,4096,261.5000,8,44.8535,265,0
402,31.9543,32.1250,4096,261.5000,8,44.8535,266,0
403,31.9543,32.1250,4096,261.5000,8,44.8535,266,0
404,31.9543,32.1250,4096,261.5000,8,44.8535,267,0
405,31.9543,32.1250,4096,261.5000,8,44.8535,267,0
406,31.9543,32.1250,4096,261.5000,8,44.8535,267,0
407,31.9543,32.1250,4096,261.5000,8,44.8535,267,0
408,31.9543,32.1250,4096,261.5000,8,44.8535,268,0
409,31.9543,32.1250,4096,261.5000,8,44.8535,268,0
410,31.9543,32.1250,4096,261.5000,8,44.8535,268,0
411,31.9543,32.1250,4096,261.5000,8,44.8535,269,0
412,31.9543,32.1250,4096,261.5000,8,44.8535,270,0
413,31.9543,32.1250,4096,261.5000,8,44.8535,270,0
414,31.9543,32.1250,4096,261.5000,8,44.8535,271,0
415,31.9543,32.1250,4096,261.5000,8,44.8535,271,0
416,31.9543,32.1250,4096,261.5000,8,44.8535,272,0
417,31.9543,32.1250,4096,261.5000,8,44.8535,272,0
418,31.9543,32.1250,4096,261.5000,8,44.8535,272,0
419,31.9543,32.1250,4096,261.5000,8,44.8535,272,0
420,31.9543,32.1250,4096,261.5000,8,44.8535,273,0
421,31.9543,32.1250,4096,261.5000,8,44.8535,274,0
422,31.9543,32.1250,4096,261.5000,8,44.8535,275,0
423,31.9543,32.1250,4096,261.5000,8,44.8535,275,0
424,31.9543,32.1250,4096,261.5000,8,44.8535,275,0
425,31.9543,32.1250,4096,261.5000,8,44.8535,275,0
426,31.9543,32.1250,4096,261.5000,8,44.8535,275,0
427,31.9543,32.1250,4096,261.5000,8,44.8535,275,0
428,31.9543,32.1250,4096,261.5000,8,44.8535,276,0
429,31.9543,32.1250,4096,261.5000,8,44.8535,277,0
430,31.9543,32.1250,4096,261.5000,8,44.8535,278,0
431,31.9543,32.1250,4096,261.5000,8,44.8535,279,0
432,31.9543,32.1250,4096,261.5000,8,44.8535,279,0
433,31.9543,32.1250,4096,261.5000,8,44.8535,279,0
434,31.9543,32.1250,4096,261.5000,8,44.8535,280,0
435,31.9543,32.1250,4096,261.5000,8,44.8535,281,0
436,31.9543,32.1250,4096,261.5000,8,44.8535,282,0
437,31.9543,32.1250,4096,261.5000,8,44.8535,282,0
438,31.9543,32.1250,4096,261.5000,8,44.8535,282,0
439,31.9543,32.1250,4096,261.5000,8,44.8535,282,0
440,31.9543,32.1250,4096,261.5000,8,44.8535,283,0
441,31.9543,32.1250,4096,261.5000,8,44.8535,283,0
442,31.9543,32.1250,4096,261.5000,8,44.8535,284,0
443,31.9543,32.1250,4096,261.5000,8,44.8535,285,0
444,31.9543,32.1250,4096,261.5000,8,44.8535,285,0
445,31.9543,32.1250,4096,261.5000,8,44.8535,286,0
446,31.9543,32.1250,4096,261.5000,8,44.8535,287,0
447,31.9543,32.1250,4096,261.5000,8,44.8535,288,0
448,31.9543,32.1250,4096,261.5000,8,44.8535,288,0
449,31.9543,32.1250,4096,261.5000,8,44.8535,288,0
450,31.9543,32.1250,4096,261.5000,8,44.8535,289,0
451,31.9543,32.1250,4096,261.5000,8,44.8535,290,0
452,31.9543,32.1250,4096,261.5000,8,44.8535,290,0
453,31.9543,32.1250,4096,261.5000,8,44.8535,290,0
454,31.9543,32.1250,4096,261.5000,8,44.8535,291,0
455,31.9543,32.1250,4096,261.5000,8,44.8535,291,0
456,31.9543,32.1250,4096,261.5000,8,44.8535,291,0
457,31.9543,32.1250,4096,261.5000,8,44.8535,292,0
458,31.9543,32.1250,4096,261.5000,8,44.8535,293,0
459,31.9543,32.1250,4096,261.5000,8,44.8535,294,0
460,31.9543,32.1250,4096,261.5000,8,44.8535,295,0
461,31.9543,32.1250,4096,261.5000,8,44.8535,295,0
462,31.9543,32.1250,4096,261.5000,8,44.8535,296,0
463,31.9543,32.1250,4096,261.5000,8,44.8535,296,0
464,31.9543,32.1250,4096,261.5000,8,44.8535,296,0
465,31.9543,32.1250,4096,261.5000,8,44.8535,296,0
466,31.9543,32.1250,4096,261.5000,8,44.8535,296,0
467,31.9543,32.1250,4096,261.5000,8,44.8535,297,0
468,31.9543,32.1250,4096,261.5000,8,44.8535,298,0
469,31.9543,32.1250,4096,261.5000,8,44.8535,298,0
470,31.9543,32.1250,4096,261.5000,8,44.8535,299,0
471,31.9543,32.1250,4096,261.5000,8,44.8535,300,0
472,31.9543,32.1250,4096,261.5000,8,44.8535,300,0
473,31.9543,32.1250,4096,261.5000,8,44.8535,301,0
474,31.9543,32.1250,4096,261.5000,8,44.8535,301,0
475,31.9543,32.1250,4096,261.5000,8,44.8535,301,0
476,31.9543,32.1250,4096,261.5000,8,44.8535,302,0
477,31.8850,32.0664,4096,228.7500,7,45.0181,303,0
478,31.8850,32.0664,4096,228.7500,7,45.0181,304,0
479,31.8850,32.0664,4096,228.7500,7,45.0181,304,0
480,31.8850,32.0664,4096,228.7500,7,45.0181,304,0
481,31.8850,32.0664,4096,228.7500,7,45.0181,304,0
482,31.8850,32.0664,4096,228.7500,7,45.0181,305,0
483,31.8850,32.0664,4096,228.7500,7,45.0181,306,0
484,31.8850,32.0664,4096,228.7500,7,45.0181,307,0
485,31.8850,32.0664,4096,228.7500,7,45.0181,308,0
486,31.8850,32.0664,4096,228.7500,7,45.0181,309,0
487,31.8850,32.0664,4096,228.7500,7,45.0181,310,0
488,31.8850,32.0664,4096,228.7500,7,45.0181,311,0
489,31.8850,32.0664,4096,228.7500,7,45.0181,312,0
490,31.8850,32.0664,4096,228.7500,7,45.0181,313,0
491,31.8850,32.0664,4096,228.7500,7,45.0181,313,0
492,31.8850,32.0664,4096,228.7500,7,45.0181,314,0
493,31.8850,32.0664,4096,228.7500,7,45.0181,315,0
494,31.8850,32.0664,4096,228.7500,7,45.0181,316,0
495,31.8850,32.0664,4096,228.7500,7,45.0181,317,0
496,31.8850,32.0664,4096,228.7500,7,45.0181,317,0
497,31.8850,32.0664,4096,228.7500,7,45.0181,318,0
498,31.8850,32.0664,4096,228.7500,7,45.0181,318,0
499,31.8850,32.0664,4096,228.7500,7,45.0181,318,0
500,31.8850,32.0664,4096,228.7500,7,45.0181,318,0
501,31.8850,32.0664,4096,228.7500,7,45.0181,318,0
502,31.8850,32.0664,4096,228.7500,7,45.0181,319,0
503,31.8850,32.0664,4096,228.7500,7,45.0181,319,0
504,31.8850,32.0664,4096,228.7500,7,45.0181,319,0
505,31.8850,32.0664,4096,228.7500,7,45.0181,320,0
506,31.8850,32.0664,4096,228.7500,7,45.0181,320,0
507,31.8850,32.0664,4096,228.7500,7,45.0181,321,0
508,31.8850,32.0664,4096,228.7500,7,45.0181,322,0
509,31.8850,32.0664,4096,228.7500,7,45.0181,322,0
510,31.8850,32.0664,4096,228.7500,7,45.0181,323,0
511,31.8850,32.0664,4096,228.7500,7,45.0181,324,0
512,31.8850,32.0664,4096,228.7500,7,45.0181,325,0
513,31.8850,32.0664,4096,228.7500,7,45.0181,325,0
514,31.8850,32.0664,4096,228.7500,7,45.0181,325,0
515,31.8850,32.0664,4096,228.7500,7,45.0181,325,0
516,31.8850,32.0664,4096,228.7500,7,45.0181,325,0
517,31.8850,32.0664,4096,228.7500,7,45.0181,325,0
518,31.8850,32.0664,4096,228.7500,7,45.0181,326,0
519,31.8850,32.0664,4096,228.7500,7,45.0181,327,0
520,31.8850,32.0664,4096,228.7500,7,45.0181,327,0
521,31.8850,32.0664,4096,228.7500,7,45.0181,328,0
522,31.8850,32.0664,4096,228.7500,7,45.0181,329,0
523,31.8850,32.0664,4096,228.7500,7,45.0181,329,0
524,31.8850,32.0664,4096,228.7500,7,45.0181,330,0
525,31.8850,32.0664,4096,228.7500,7,45.0181,330,0
526,31.8850,32.0664,4096,228.7500,7,45.0181,330,0
527,31.8850,32.0664,4096,228.7500,7,45.0181,330,0
528,31.8850,32.0664,4096,228.7500,7,45.0181,330,0
529,31.8850,32.0664,4096,228.7500,7,45.0181,331,0
530,31.8850,32.0664,4096,228.7500,7,45.0181,331,0
531,31.8850,32.0664,4096,228.7500,7,45.0181,331,0
532,31.8850,32.0664,4096,228.7500,7,45.0181,331,0
533,31.8850,32.0664,4096,228.7500,7,45.0181,332,0
534,31.8850,32.0664,4096,228.7500,7,45.0181,333,0
535,31.8850,32.0664,4096,228.7500,7,45.0181,333,0
536,31.8850,32.0664,4096,228.7500,7,45.0181,333,0
537,31.8850,32.0664,4096,228.7500,7,45.0181,334,0
538,31.8850,32.0664,4096,228.7500,7,45.0181,335,0
539,31.8850,32.0664,4096,228.7500,7,45.0181,335,0
540,31.8850,32.0664,4096,228.7500,7,45.0181,336,0
541,31.8850,32.0664,4096,228.7500,7,45.0181,336,0
542,31.8850,32.0664,4096,228.7500,7,45.0181,336,0
543,31.8850,32.0664,4096,228.7500,7,45.0181,337,0
544,31.8850,32.0664,4096,228.7500,7,45.0181,338,0
545,31.8850,32.0664,4096,228.7500,7,45.0181,339,0
546,31.8850,32.0664,4096,228.7500,7,45.0181,340,0
547,31.8850,32.0664,4096,228.7500,7,45.0181,341,0
548,31.8850,32.0664,4096,228.7500,7,45.0181,341,0
549,31.8850,32.0664,4096,228.7500,7,45.0181,341,0
550,31.8850,32.0664,4096,228.7500,7,45.0181,342,0
551,31.8850,32.0664,4096,228.7500,7,45.0181,342,0
552,31.8850,32.0664,4096,228.7500,7,45.0181,342,0
553,31.8850,32.0664,4096,228.7500,7,45.0181,343,0
554,31.8850,32.0664,4096,228.7500,7,45.0181,343,0
555,31.8850,32.0664,4096,228.7500,7,45.0181,344,0
556,31.8850,32.0664,4096,228.7500,7,45.0181,345,0
557,31.8850,32.0664,4096,228.7500,7,45.0181,345,0
558,31.8850,32.0664,4096,228.7500,7,45.0181,346,0
559,31.8850,32.0664,4096,228.7500,7,45.0181,347,0
560,31.8850,32.0664,4096,228.7500,7,45.0181,348,0
561,31.8850,32.0664,4096,228.7500,7,45.0181,349,0
562,31.8850,32.0664,4096,228.7500,7,45.0181,350,0
563,31.8850,32.0664,4096,228.7500,7,45.0181,351,0
564,31.8850,32.0664,4096,228.7500,7,45.0181,351,0
565,31.8850,32.0664,4096,228.7500,7,45.0181,352,0
566,31.8850,32.0664,4096,228.7500,7,45.0181,352,0
567,31.8850,32.0664,4096,228.7500,7,45.0181,352,0
568,31.8850,32.0664,4096,228.7500,7,45.0181,352,0
569,31.8755,31.9727,4096,256.8750,7,45.0994,353,0
570,31.8755,31.9727,4096,256.8750,7,45.0994,353,0
571,31.8755,31.9727,4096,256.8750,7,45.0994,354,0
572,31.8755,31.9727,4096,256.8750,7,45.0994,354,0
573,31.8755,31.9727,4096,256.8750,7,45.0994,355,0
574,31.8755,31.9727,4096,256.8750,7,45.0994,356,0
575,31.8755,31.9727,4096,256.8750,7,45.0994,356,0
576,31.8755,31.9727,4096,256.8750,7,45.0994,357,0
577,31.8755,31.9727,4096,256.8750,7,45.0994,357,0
578,31.8755,31.9727,4096,256.8750,7,45.0994,357,0
579,31.8755,31.9727,4096,256.8750,7,45.0994,357,0
580,31.8755,31.9727,4096,256.8750,7,45.0994,357,0
581,31.8755,31.9727,4096,256.8750,7,45.0994,357,0
582,31.8755,31.9727,4096,256.8750,7,45.0994,358,0
583,31.8755,31.9727,4096,256.8750,7,45.0994,359,0
584,31.8755,31.9727,4096,256.8750,7,45.0994,360,0
585,31.8755,31.9727,4096,256.8750,7,45.0994,360,0
586,31.8755,31.9727,4096,256.8750,7,45.0994,361,0
587,31.8755,31.9727,4096,256.8750,7,45.0994,362,0
588,31.8755,31.9727,4096,256.8750,7,45.0994,363,0
589,31.8755,31.9727,4096,256.8750,7,45.0994,363,0
590,31.8755,31.9727,4096,256.8750,7,45.0994,363,0
591,31.8755,31.9727,4096,256.8750,7,45.0994,364,0
592,31.8755,31.9727,4096,256.8750,7,45.0994,365,0
593,31.8755,31.9727,4096,256.8750,7,45.0994,365,0
594,31.8755,31.9727,4096,256.8750,7,45.0994,366,0
595,31.8755,31.9727,4096,256.8750,7,45.0994,366,0
596,31.8755,31.9727,4096,256.8750,7,45.0994,366,0
597,31.8755,31.9727,4096,256.8750,7,45.0994,367,0
598,31.8755,31.9727,4096,256.8750,7,45.0994,368,0
599,31.8755,31.9727,4096,256.8750,7,45.0994,369,0
600,31.8755,31.9727,4096,256.8750,7,45.0994,370,0
601,31.8755,31.9727,4096,256.8750,7,45.0994,370,0
602,31.8755,31.9727,4096,256.8750,7,45.0994,371,0
603,31.8755,31.9727,4096,256.8750,7,45.0994,371,0
604,31.8755,31.9727,4096,256.8750,7,45.0994,371,0
605,31.8755,31.9727,4096,256.8750,7,45.0994,371,0
606,31.8755,31.9727,4096,256.8750,7,45.0994,371,0
607,31.8755,31.9727,4096,256.8750,7,45.0994,372,0
608,31.8755,31.9727,4096,256.8750,7,45.0994,372,0
609,31.8755,31.9727,4096,256.8750,7,45.0994,373,0
610,31.8755,31.9727,4096,256.8750,7,45.0994,373,0
611,31.8755,31.9727,4096,256.8750,7,45.0994,373,0
612,31.8755,31.9727,4096,256.8750,7,45.0994,374,0
613,31.8755,31.9727,4096,256.8750,7,45.0994,374,0
614,31.8755,31.9727,4096,256.8750,7,45.0994,375,0
615,31.8755,31.9727,4096,256.8750,7,45.0994,375,0
616,31.8755,31.9727,4096,256.8750,7,45.0994,375,0
617,31.8755,31.9727,4096,256.8750,7,45.0994,375,0
618,31.8755,31.9727,4096,256.8750,7,45.0994,376,0
619,31.8755,31.9727,4096,256.8750,7,45.0994,377,0
620,31.8755,31.9727,4096,256.8750,7,45.0994,377,0
621,31.8755,31.9727,4096,256.8750,7,45.0994,377,0
622,31.8755,31.9727,4096,256.8750,7,45.0994,377,0
623,31.8755,31.9727,4096,256.8750,7,45.0994,378,0
624,31.8755,31.9727,4096,256.8750,7,45.0994,378,0
625,31.8755,31.9727,4096,256.8750,7,45.0994,378,0
626,31.8755,31.9727,4096,256.8750,7,45.0994,378,0
627,31.8755,31.9727,4096,256.8750,7,45.0994,378,0
628,31.8755,31.9727,4096,256.8750,7,45.0994,378,0
629,31.8755,31.9727,4096,256.8750,7,45.0994,379,0
630,31.8755,31.9727,4096,256.8750,7,45.0994,380,0
631,31.8755,31.9727,4096,256.8750,7,45.0994,381,0
632,31.8755,31.9727,4096,256.8750,7,45.0994,381,0
633,31.8755,31.9727,4096,256.8750,7,45.0994,382,0
634,31.8755,31.9727,4096,256.8750,7,45.0994,382,0
635,31.8755,31.9727,4096,256.8750,7,45.0994,383,0
636,31.8755,31.9727,4096,256.8750,7,45.0994,384,0
637,31.8755,31.9727,4096,256.8750,7,45.0994,384,0
638,31.8755,31.9727,4096,256.8750,7,45.0994,384,0
639,31.8755,31.9727,4096,256.8750,7,45.0994,384,0
640,31.8755,31.9727,4096,256.8750,7,45.0994,385,0
641,31.8755,31.9727,4096,256.8750,7,45.0994,385,0
642,31.8755,31.9727,4096,256.8750,7,45.0994,386,0
643,31.8755,31.9727,4096,256.8750,7,45.0994,387,0
644,31.8755,31.9727,4096,256.8750,7,45.0994,388,0
645,31.8755,31.9727,4096,256.8750,7,45.0994,388,0
646,31.8755,31.9727,4096,256.8750,7,45.0994,388,0
647,31.8755,31.9727,4096,256.8750,7,45.0994,388,0
648,31.8755,31.9727,4096,256.8750,7,45.0994,389,0
649,31.8755,31.9727,4096,256.8750,7,45.0994,389,0
650,31.8755,31.9727,4096,256.8750,7,45.0994,390,0
651,31.8755,31.9727,4096,256.8750,7,45.0994,391,0
652,31.8755,31.9727,4096,256.8750,7,45.0994,391,0
653,31.8755,31.9727,4096,256.8750,7,45.0994,392,0
654,31.8755,31.9727,4096,256.8750,7,45.0994,393,0
655,31.8755,31.9727,4096,256.8750,7,45.0994,394,0
656,31.8755,31.9727,4096,256.8750,7,45.0994,394,0
657,31.8755,31.9727,4096,256.8750,7,45.0994,394,0
658,31.8755,31.9727,4096,256.8750,7,45.0994,394,0
659,31.8755,31.9727,4096,256.8750,7,45.0994,394,0
660,31.8755,31.9727,4096,256.8750,7,45.0994,395,0
661,31.8755,31.9727,4096,256.8750,7,45.0994,395,0
662,31.8755,31.9727,4096,256.8750,7,45.0994,396,0
663,31.8755,31.9727,4096,256.8750,7,45.0994,397,0
664,31.8755,31.9727,4096,256.8750,7,45.0994,397,0
665,31.8755,31.9727,4096,256.8750,7,45.0994,398,0
666,31.8755,31.9727,4096,256.8750,7,45.0994,398,0
667,31.8755,31.9727,4096,256.8750,7,45.0994,398,0
668,31.8755,31.9727,4096,256.8750,7,45.0994,399,0
669,31.8755,31.9727,4096,256.8750,7,45.0994,400,0
670,31.8755,31.9727,4096,256.8750,7,45.0994,400,0
671,31.8755,31.9727,4096,256.8750,7,45.0994,400,0
672,31.8755,31.9727,4096,256.8750,7,45.0994,401,0
673,31.8755,31.9727,4096,256.8750,7,45.0994,401,0
674,31.8755,31.9727,4096,256.8750,7,45.0994,402,0
675,31.8755,31.9727,4096,256.8750,7,45.0994,403,0
676,31.8755,31.9727,4096,256.8750,7,45.0994,403,0
677,31.8755,31.9727,4096,256.8750,7,45.0994,404,0
678,31.8755,31.9727,4096,256.8750,7,45.0994,405,0
679,31.8755,31.9727,4096,256.8750,7,45.0994,406,0
680,31.8755,31.9727,4096,256.8750,7,45.0994,406,0
681,31.8755,31.9727,4096,256.8750,7,45.0994,407,0
682,31.8755,31.9727,4096,256.8750,7,45.0994,407,0
683,31.8755,31.9727,4096,256.8750,7,45.0994,407,0
684,31.8755,31.9727,4096,256.8750,7,45.0994,407,0
685,31.8755,31.9727,4096,256.8750,7,45.0994,407,0
686,31.8755,31.9727,4096,256.8750,7,45.0994,408,0
687,31.8755,31.9727,4096,256.8750,7,45.0994,409,0
688,31.8755,31.9727,4096,256.8750,7,45.0994,410,0
689,31.8755,31.9727,4096,256.8750,7,45.0994,411,0
690,31.8755,31.9727,4096,256.8750,7,45.0994,412,0
691,31.8755,31.9727,4096,256.8750,7,45.0994,412,0
692,31.8755,31.9727,4096,256.8750,7,45.0994,412,0
693,31.8755,31.9727,4096,256.8750,7,45.0994,413,0
694,31.8755,31.9727,4096,256.8750,7,45.0994,414,0
695,31.8755,31.9727,4096,256.8750,7,45.0994,415,0
696,31.8755,31.9727,4096,256.8750,7,45.0994,416,0
697,31.8755,31.9727,4096,256.8750,7,45.0994,417,0
698,31.8755,31.9727,4096,256.8750,7,45.0994,417,0
699,31.8755,31.9727,4096,256.8750,7,45.0994,417,0
700,31.8755,31.9727,4096,256.8750,7,45.0994,418,0
701,31.8755,31.9727,4096,256.8750,7,45.0994,418,0
702,31.8755,31.9727,4096,256.8750,7,45.0994,419,0
703,31.8755,31.9727,4096,256.8750,7,45.0994,420,0
704,31.8755,31.9727,4096,256.8750,7,45.0994,420,0
705,31.8755,31.9727,4096,256.8750,7,45.0994,421,0
706,31.8755,31.9727,4096,256.8750,7,45.0994,422,0
707,31.8755,31.9727,4096,256.8750,7,45.0994,422,0
708,31.8755,31.9727,4096,256.8750,7,45.0994,422,0
709,31.8755,31.9727,4096,256.8750,7,45.0994,422,0
710,31.8755,31.9727,4096,256.8750,7,45.0994,422,0
711,31.8755,31.9727,4096,256.8750,7,45.0994,422,0
712,31.8755,31.9727,4096,256.8750,7,45.0994,422,0
713,31.8755,31.9727,4096,256.8750,7,45.0994,423,0
714,31.8755,31.9727,4096,256.8750,7,45.0994,424,0
715,31.8755,31.9727,4096,256.8750,7,45.0994,425,0
716,31.8755,31.9727,4096,256.8750,7,45.0994,425,0
717,31.8755,31.9727,4096,256.8750,7,45.0994,425,0
718,31.8755,31.9727,4096,256.8750,7,45.0994,426,0
719,31.8755,31.9727,4096,256.8750,7,45.0994,427,0
720,31.8755,31.9727,4096,256.8750,7,45.0994,428,0
721,31.8755,31.9727,4096,256.8750,7,45.0994,429,0
722,31.8755,31.9727,4096,256.8750,7,45.0994,430,0
723,31.8755,31.9727,4096,256.8750,7,45.0994,431,0
724,31.8755,31.9727,4096,256.8750,7,45.0994,432,0
725,31.8755,31.9727,4096,256.8750,7,45.0994,433,0
726,31.8755,31.9727,4096,256.8750,7,45.0994,433,0
727,31.8755,31.9727,4096,256.8750,7,45.0994,434,0
728,31.8755,31.9727,4096,256.8750,7,45.0994,435,0
729,31.8755,31.9727,4096,256.8750,7,45.0994,435,0
730,31.8755,31.9727,4096,256.8750,7,45.0994,435,0
731,31.8755,31.9727,4096,256.8750,7,45.0994,435,0
732,31.8755,31.9727,4096,256.8750,7,45.0994,436,0
733,31.8755,31.9727,4096,256.8750,7,45.0994,436,0
734,31.8755,31.9727,4096,256.8750,7,45.0994,436,0
735,31.8755,31.9727,4096,256.8750,7,45.0994,436,0
736,31.8755,31.9727,4096,256.8750,7,45.0994,437,0
737,31.8755,31.9727,4096,256.8750,7,45.0994,438,0
738,31.8755,31.9727,4096,256.8750,7,45.0994,438,0
739,31.8755,31.9727,4096,256.8750,7,45.0994,438,0
740,31.8755,31.9727,4096,256.8750,7,45.0994,438,0
741,31.8755,31.9727,4096,256.8750,7,45.0994,438,0
742,31.8755,31.9727,4096,256.8750,7,45.0994,439,0
743,31.8755,31.9727,4096,256.8750,7,45.0994,440,0
744,31.8755,31.9727,4096,256.8750,7,45.0994,441,0
745,31.8755,31.9727,4096,256.8750,7,45.0994,442,0
746,31.8755,31.9727,4096,256.8750,7,45.0994,443,0
747,31.8755,31.9727,4096,256.8750,7,45.0994,443,0
748,31.8755,31.9727,4096,256.8750,7,45.0994,444,0
749,31.8755,31.9727,4096,256.8750,7,45.0994,445,0
750,31.8755,31.9727,4096,256.8750,7,45.0994,445,0
751,31.8755,31.9727,4096,256.8750,7,45.0994,445,0
752,31.8755,31.9727,4096,256.8750,7,45.0994,446,0
753,31.8755,31.9727,4096,256.8750,7,45.0994,447,0
754,31.8755,31.9727,4096,256.8750,7,45.0994,448,0
755,31.8755,31.9727,4096,256.8750,7,45.0994,449,0
756,31.8755,31.9727,4096,256.8750,7,45.0994,449,0
757,31.8755,31.9727,4096,256.8750,7,45.0994,449,0
758,31.8755,31.9727,4096,256.8750,7,45.0994,450,0
759,31.8755,31.9727,4096,256.8750,7,45.0994,451,0
760,31.8755,31.9727,4096,256.8750,7,45.0994,452,0
761,31.8755,31.9727,4096,256.8750,7,45.0994,452,0
762,31.8755,31.9727,4096,256.8750,7,45.0994,452,0
763,31.8755,31.9727,4096,256.8750,7,45.0994,452,0
764,31.8755,31.9727,4096,256.8750,7,45.0994,452,0
765,31.8755,31.9727,4096,256.8750,7,45.0994,452,0
766,31.8755,31.9727,4096,256.8750,7,45.0994,452,0
767,31.8755,31.9727,4096,256.8750,7,45.0994,452,0
768,31.8755,31.9727,4096,256.8750,7,45.0994,453,0
769,31.8755,31.9727,4096,256.8750,7,45.0994,453,0
770,31.8755,31.9727,4096,256.8750,7,45.0994,453,0
771,31.8755,31.9727,4096,256.8750,7,45.0994,454,0
772,31.8755,31.9727,4096,256.8750,7,45.0994,454,0
773,31.8755,31.9727,4096,256.8750,7,45.0994,454,0
774,31.8755,31.9727,4096,256.8750,7,45.0994,454,0
775,31.8755,31.9727,4096,256.8750,7,45.0994,454,0
776,31.8755,31.9727,4096,256.8750,7,45.0994,455,0
777,31.8755,31.9727,4096,256.8750,7,45.0994,455,0
778,31.8755,31.9727,4096,256.8750,7,45.0994,456,0
779,31.8755,31.9727,4096,256.8750,7,45.0994,457,0
780,31.8755,31.9727,4096,256.8750,7,45.0994,458,0
781,31.8755,31.9727,4096,256.8750,7,45.0994,459,0
782,31.8923,32.0273,4096,227.0000,7,45.2866,460,0
783,31.8923,32.0273,4096,227.0000,7,45.2866,460,0
784,31.8923,32.0273,4096,227.0000,7,45.2866,460,0
785,31.8923,32.0273,4096,227.0000,7,45.2866,461,0
786,31.8923,32.0273,4096,227.0000,7,45.2866,462,0
787,31.8923,32.0273,4096,227.0000,7,45.2866,462,0
788,31.8923,32.0273,4096,227.0000,7,45.2866,463,0
789,31.8923,32.0273,4096,227.0000,7,45.2866,463,0
790,31.8923,32.0273,4096,227.0000,7,45.2866,464,0
791,31.8923,32.0273,4096,227.0000,7,45.2866,465,0
792,31.8923,32.0273,4096,227.0000,7,45.2866,465,0
793,31.8923,32.0273,4096,227.0000,7,45.2866,465,0
794,31.8923,32.0273,4096,227.0000,7,45.2866,465,0
795,31.8923,32.0273,4096,227.0000,7,45.2866,466,0
796,31.8923,32.0273,4096,227.0000,7,45.2866,467,0
797,31.8923,32.0273,4096,227.0000,7,45.2866,468,0
798,31.8923,32.0273,4096,227.0000,7,45.2866,468,0
799,31.8923,32.0273,4096,227.0000,7,45.2866,469,0
800,31.8923,32.0273,4096,227.0000,7,45.2866,470,0
801,31.8923,32.0273,4096,227.0000,7,45.2866,470,0
802,31.8923,32.0273,4096,227.0000,7,45.2866,471,0
803,31.8923,32.0273,4096,227.0000,7,45.2866,472,0
804,31.8923,32.0273,4096,227.0000,7,45.2866,472,0
805,31.8923,32.0273,4096,227.0000,7,45.2866,473,0
806,31.8923,32.0273,4096,227.0000,7,45.2866,473,0
807,31.8923,32.0273,4096,227.0000,7,45.2866,473,0
808,31.8923,32.0273,4096,227.0000,7,45.2866,474,0
809,31.8923,32.0273,4096,227.0000,7,45.2866,474,0
810,31.8923,32.0273,4096,227.0000,7,45.2866,475,0
811,31.8923,32.0273,4096,227.0000,7,45.2866,476,0
812,31.8923,32.0273,4096,227.0000,7,45.2866,476,0
813,31.8923,32.0273,4096,227.0000,7,45.2866,477,0
814,31.8923,32.0273,4096,227.0000,7,45.2866,477,0
815,31.8923,32.0273,4096,227.0000,7,45.2866,478,0
816,31.8923,32.0273,4096,227.0000,7,45.2866,478,0
817,31.8923,32.0273,4096,227.0000,7,45.2866,478,0
818,31.8923,32.0273,4096,227.0000,7,45.2866,478,0
819,31.8923,32.0273,4096,227.0000,7,45.2866,478,0
820,31.8923,32.0273,4096,227.0000,7,45.2866,479,0
821,31.8923,32.0273,4096,227.0000,7,45.2866,480,0
822,31.8923,32.0273,4096,227.0000,7,45.2866,481,0
823,31.8923,32.0273,4096,227.0000,7,45.2866,482,0
824,31.8923,32.0273,4096,227.0000,7,45.2866,483,0
825,31.8923,32.0273,4096,227.0000,7,45.2866,483,0
826,31.8923,32.0273,4096,227.0000,7,45.2866,484,0
827,31.8923,32.0273,4096,227.0000,7,45.2866,485,0
828,31.8923,32.0273,4096,227.0000,7,45.2866,485,0
829,31.8923,32.0273,4096,227.0000,7,45.2866,485,0
830,31.8923,32.0273,4096,227.0000,7,45.2866,485,0
831,31.8923,32.0273,4096,227.0000,7,45.2866,485,0
832,31.8923,32.0273,4096,227.0000,7,45.2866,485,0
833,31.8923,32.0273,4096,227.0000,7,45.2866,486,0
834,31.8923,32.0273,4096,227.0000,7,45.2866,486,0
835,31.8923,32.0273,4096,227.0000,7,45.2866,486,0
836,31.8923,32.0273,4096,227.0000,7,45.2866,486,0
837,31.8923,32.0273,4096,227.0000,7,45.2866,486,0
838,31.8923,32.0273,4096,227.0000,7,45.2866,487,0
839,31.8923,32.0273,4096,227.0000,7,45.2866,487,0
840,31.8923,32.0273,4096,227.0000,7,45.2866,487,0
841,31.8923,32.0273,4096,227.0000,7,45.2866,487,0
842,31.8923,32.0273,4096,227.0000,7,45.2866,488,0
843,31.8923,32.0273,4096,227.0000,7,45.2866,489,0
844,31.8923,32.0273,4096,227.0000,7,45.2866,489,0
845,31.8923,32.0273,4096,227.0000,7,45.2866,490,0
846,31.8923,32.0273,4096,227.0000,7,45.2866,490,0
847,31.8923,32.0273,4096,227.0000,7,45.2866,491,0
848,31.8923,32.0273,4096,227.0000,7,45.2866,491,0
849,31.8923,32.0273,4096,227.0000,7,45.2866,492,0
850,31.8923,32.0273,4096,227.0000,7,45.2866,492,0
851,31.8923,32.0273,4096,227.0000,7,45.2866,493,0
852,31.8923,32.0273,4096,227.0000,7,45.2866,493,0
853,31.8923,32.0273,4096,227.0000,7,45.2866,494,0
854,31.8923,32.0273,4096,227.0000,7,45.2866,494,0
855,31.8923,32.0273,4096,227.0000,7,45.2866,495,0
856,31.8923,32.0273,4096,227.0000,7,45.2866,495,0
857,31.8923,32.0273,4096,227.0000,7,45.2866,496,0
858,31.8923,32.0273,4096,227.0000,7,45.2866,497,0
859,31.8923,32.0273,4096,227.0000,7,45.2866,498,0
860,31.8923,32.0273,4096,227.0000,7,45.2866,498,0
861,31.8923,32.0273,4096,227.0000,7,45.2866,498,0
862,31.8923,32.0273,4096,227.0000,7,45.2866,499,0
863,31.8923,32.0273,4096,227.0000,7,45.2866,499,0
864,31.8923,32.0273,4096,227.0000,7,45.2866,499,0
865,31.8923,32.0273,4096,227.0000,7,45.2866,499,0
866,31.8923,32.0273,4096,227.0000,7,45.2866,499,0
867,31.8923,32.0273,4096,227.0000,7,45.2866,500,0
868,31.8923,32.0273,4096,227.0000,7,45.2866,501,0
869,31.8923,32.0273,4096,227.0000,7,45.2866,501,0
870,31.8923,32.0273,4096,227.0000,7,45.2866,501,0
871,31.8923,32.0273,4096,227.0000,7,45.2866,501,0
872,31.8923,32.0273,4096,227.0000,7,45.2866,502,0
873,31.8923,32.0273,4096,227.0000,7,45.2866,503,0
874,31.8923,32.0273,4096,227.0000,7,45.2866,503,0
875,31.8923,32.0273,4096,227.0000,7,45.2866,503,0
876,31.8923,32.0273,4096,227.0000,7,45.2866,504,0
877,31.8923,32.0273,4096,227.0000,7,45.2866,505,0
878,31.8923,32.0273,4096,227.0000,7,45.2866,505,0
879,31.8923,32.0273,4096,227.0000,7,45.2866,505,0
880,31.8923,32.0273,4096,227.0000,7,45.2866,505,0
881,31.8923,32.0273,4096,227.0000,7,45.2866,505,0
882,31.8923,32.0273,4096,227.0000,7,45.2866,506,0
883,31.8923,32.0273,4096,227.0000,7,45.2866,507,0
884,31.8923,32.0273,4096,227.0000,7,45.2866,507,0
885,31.8923,32.0273,4096,227.0000,7,45.2866,508,0
886,31.8923,32.0273,4096,227.0000,7,45.2866,508,0
887,31.8923,32.0273,4096,227.0000,7,45.2866,508,0
888,31.8923,32.0273,4096,227.0000,7,45.2866,509,0
889,31.8923,32.0273,4096,227.0000,7,45.2866,509,0
890,31.8923,32.0273,4096,227.0000,7,45.2866,509,0
891,31.8923,32.0273,4096,227.0000,7,45.2866,510,0
892,31.8923,32.0273,4096,227.0000,7,45.2866,510,0
893,31.8923,32.0273,4096,227.0000,7,45.2866,511,0
894,31.8923,32.0273,4096,227.0000,7,45.2866,511,0
895,31.8923,32.0273,4096,227.0000,7,45.2866,511,0
896,31.8923,32.0273,4096,227.0000,7,45.2866,511,0
897,31.8923,32.0273,4096,227.0000,7,45.2866,511,0
898,31.8923,32.0273,4096,227.0000,7,45.2866,512,0
899,31.8923,32.0273,4096,227.0000,7,45.2866,512,0
900,31.8923,32.0273,4096,227.0000,7,45.2866,512,0
901,31.8923,32.0273,4096,227.0000,7,45.2866,513,0
902,31.8923,32.0273,4096,227.0000,7,45.2866,514,0
903,31.8923,32.0273,4096,227.0000,7,45.2866,515,0
904,31.8923,32.0273,4096,227.0000,7,45.2866,515,0
905,31.8923,32.0273,4096,227.0000,7,45.2866,515,0
906,31.8923,32.0273,4096,227.0000,7,45.2866,516,0
907,31.8923,32.0273,4096,227.0000,7,45.2866,517,0
908,31.8923,32.0273,4096,227.0000,7,45.2866,518,0
909,31.8923,32.0273,4096,227.0000,7,45.2866,518,0
910,31.8923,32.0273,4096,227.0000,7,45.2866,519,0
911,31.8923,32.0273,4096,227.0000,7,45.2866,520,0
912,31.8923,32.0273,4096,227.0000,7,45.2866,521,0
913,31.8923,32.0273,4096,227.0000,7,45.2866,521,0
914,31.8923,32.0273,4096,227.0000,7,45.2866,522,0
915,31.8923,32.0273,4096,227.0000,7,45.2866,523,0
916,31.8923,32.0273,4096,227.0000,7,45.2866,524,0
917,31.8923,32.0273,4096,227.0000,7,45.2866,524,0
918,31.8923,32.0273,4096,227.0000,7,45.2866,524,0
919,31.8923,32.0273,4096,227.0000,7,45.2866,524,0
920,31.8923,32.0273,4096,227.0000,7,45.2866,525,0
921,31.8923,32.0273,4096,227.0000,7,45.2866,525,0
922,31.8923,32.0273,4096,227.0000,7,45.2866,525,0
923,31.8923,32.0273,4096,227.0000,7,45.2866,526,0
924,31.8923,32.0273,4096,227.0000,7,45.2866,527,0
925,31.8923,32.0273,4096,227.0000,7,45.2866,528,0
926,31.8923,32.0273,4096,227.0000,7,45.2866,529,0
927,31.8923,32.0273,4096,227.0000,7,45.2866,530,0
928,31.8923,32.0273,4096,227.0000,7,45.2866,530,0
929,31.8923,32.0273,4096,227.0000,7,45.2866,531,0
930,31.8923,32.0273,4096,227.0000,7,45.2866,531,0
931,31.8923,32.0273,4096,227.0000,7,45.2866,531,0
932,31.8923,32.0273,4096,227.0000,7,45.2866,532,0
933,31.8923,32.0273,4096,227.0000,7,45.2866,532,0
934,31.8923,32.0273,4096,227.0000,7,45.2866,533,0
935,31.8923,32.0273,4096,227.0000,7,45.2866,534,0
936,31.8923,32.0273,4096,227.0000,7,45.2866,535,0
937,31.8923,32.0273,4096,227.0000,7,45.2866,535,0
938,31.8923,32.0273,4096,227.0000,7,45.2866,535,0
939,31.9958,32.0352,4096,275.5000,8,45.5777,536,0
940,31.9958,32.0352,4096,275.5000,8,45.5777,536,0
941,31.9958,32.0352,4096,275.5000,8,45.5777,537,0
942,31.9958,32.0352,4096,275.5000,8,45.5777,537,0
943,31.9958,32.0352,4096,275.5000,8,45.5777,537,0
944,31.9958,32.0352,4096,275.5000,8,45.5777,537,0
945,31.9958,32.0352,4096,275.5000,8,45.5777,538,0
946,31.9958,32.0352,4096,275.5000,8,45.5777,539,0
947,31.9958,32.0352,4096,275.5000,8,45.5777,540,0
948,31.9958,32.0352,4096,275.5000,8,45.5777,541,0
949,31.9800,31.8594,4096,237.0000,7,45.5967,542,0
950,31.9800,31.8594,4096,237.0000,7,45.5967,543,0
951,31.9800,31.8594,4096,237.0000,7,45.5967,543,0
952,31.9800,31.8594,4096,237.0000,7,45.5967,544,0
953,31.9800,31.8594,4096,237.0000,7,45.5967,545,0
954,31.9800,31.8594,4096,237.0000,7,45.5967,545,0
955,31.9800,31.8594,4096,237.0000,7,45.5967,546,0
956,31.9800,31.8594,4096,237.0000,7,45.5967,546,0
957,31.9800,31.8594,4096,237.0000,7,45.5967,547,0
958,31.9800,31.8594,4096,237.0000,7,45.5967,548,0
959,31.9800,31.8594,4096,237.0000,7,45.5967,549,0
960,31.9800,31.8594,4096,237.0000,7,45.5967,550,0
961,31.9800,31.8594,4096,237.0000,7,45.5967,550,0
962,31.9800,31.8594,4096,237.0000,7,45.5967,550,0
963,31.9800,31.8594,4096,237.0000,7,45.5967,551,0
964,31.9800,31.8594,4096,237.0000,7,45.5967,551,0
965,31.9800,31.8594,4096,237.0000,7,45.5967,552,0
966,31.9800,31.8594,4096,237.0000,7,45.5967,553,0
967,31.9800,31.8594,4096,237.0000,7,45.5967,554,0
968,31.9800,31.8594,4096,237.0000,7,45.5967,554,0
969,31.9800,31.8594,4096,237.0000,7,45.5967,554,0
970,31.9800,31.8594,4096,237.0000,7,45.5967,554,0
971,31.9800,31.8594,4096,237.0000,7,45.5967,554,0
972,31.9800,31.8594,4096,237.0000,7,45.5967,554,0
973,31.9800,31.8594,4096,237.0000,7,45.5967,555,0
974,31.9800,31.8594,4096,237.0000,7,45.5967,556,0
975,31.9800,31.8594,4096,237.0000,7,45.5967,557,0
976,31.9800,31.8594,4096,237.0000,7,45.5967,557,0
977,31.9800,31.8594,4096,237.0000,7,45.5967,558,0
978,31.9800,31.8594,4096,237.0000,7,45.5967,558,0
979,31.9800,31.8594,4096,237.0000,7,45.5967,558,0
980,31.9800,31.8594,4096,237.0000,7,45.5967,558,0
981,31.9800,31.8594,4096,237.0000,7,45.5967,559,0
982,31.9800,31.8594,4096,237.0000,7,45.5967,560,0
983,31.9800,31.8594,4096,237.0000,7,45.5967,560,0
984,31.9800,31.8594,4096,237.0000,7,45.5967,561,0
985,31.9800,31.8594,4096,237.0000,7,45.5967,562,0
986,31.9800,31.8594,4096,237.0000,7,45.5967,562,0
987,31.9800,31.8594,4096,237.0000,7,45.5967,562,0
988,31.9800,31.8594,4096,237.0000,7,45.5967,563,0
989,31.9800,31.8594,4096,237.0000,7,45.5967,563,0
990,31.9800,31.8594,4096,237.0000,7,45.5967,564,0
991,31.9800,31.8594,4096,237.0000,7,45.5967,564,0
992,31.9800,31.8594,4096,237.0000,7,45.5967,564,0
993,31.9800,31.8594,4096,237.0000,7,45.5967,565,0
994,31.9800,31.8594,4096,237.0000,7,45.5967,566,0
995,31.9800,31.8594,4096,237.0000,7,45.5967,567,0
996,31.9800,31.8594,4096,237.0000,7,45.5967,567,0
997,31.8982,32.0117,4096,247.3750,6,45.9233,568,0
998,31.8982,32.0117,4096,247.3750,6,45.9233,568,0
999,31.8982,32.0117,4096,247.3750,6,45.9233,569,0
1000,31.8982,32.0117,4096,247.3750,6,45.9233,569,0
1001,31.8982,32.0117,4096,247.3750,6,45.9233,569,0
1002,31.9800,31.8594,4096,237.0000,6,46.0967,570,0
1003,31.9800,31.8594,4096,237.0000,6,46.0967,571,0
1004,31.9800,31.8594,4096,237.0000,6,46.0967,571,0
1005,31.9800,31.8594,4096,237.0000,6,46.0967,571,0
1006,31.9800,31.8594,4096,237.0000,6,46.0967,571,0
1007,31.9800,31.8594,4096,237.0000,6,46.0967,571,0
1008,31.9800,31.8594,4096,237.0000,6,46.0967,572,0
1009,31.9800,31.8594,4096,237.0000,6,46.0967,573,0
1010,31.9800,31.8594,4096,237.0000,6,46.0967,573,0
1011,31.9800,31.8594,4096,237.0000,6,46.0967,574,0
1012,31.9800,31.8594,4096,237.0000,6,46.0967,575,0
1013,31.9800,31.8594,4096,237.0000,6,46.0967,575,0
1014,31.9800,31.8594,4096,237.0000,6,46.0967,575,0
1015,31.9800,31.8594,4096,237.0000,6,46.0967,576,0
1016,31.9800,31.8594,4096,237.0000,6,46.0967,576,0
1017,31.9800,31.8594,4096,237.0000,6,46.0967,577,0
1018,31.9800,31.8594,4096,237.0000,6,46.0967,577,0
1019,31.9800,31.8594,4096,237.0000,6,46.0967,578,0
1020,31.9800,31.8594,4096,237.0000,6,46.0967,579,0
1021,31.9800,31.8594,4096,237.0000,6,46.0967,580,0
1022,31.9800,31.8594,4096,237.0000,6,46.0967,580,0
1023,31.9800,31.8594,4096,237.0000,6,46.0967,581,0
1024,31.9800,31.8594,4096,237.0000,6,46.0967,581,0
1025,31.9800,31.8594,4096,237.0000,6,46.0967,582,0
1026,31.9800,31.8594,4096,237.0000,6,46.0967,582,0
1027,31.9800,31.8594,4096,237.0000,6,46.0967,582,0
1028,31.9800,31.8594,4096,237.0000,6,46.0967,583,0
1029,31.9800,31.8594,4096,237.0000,6,46.0967,583,0
1030,31.9800,31.8594,4096,237.0000,6,46.0967,584,0
1031,31.9800,31.8594,4096,237.0000,6,46.0967,585,0
1032,31.9800,31.8594,4096,237.0000,6,46.0967,585,0
1033,31.9800,31.8594,4096,237.0000,6,46.0967,586,0
1034,31.9800,31.8594,4096,237.0000,6,46.0967,586,0
1035,31.9800,31.8594,4096,237.0000,6,46.0967,587,0
1036,31.9800,31.8594,4096,237.0000,6,46.0967,588,0
1037,31.9800,31.8594,4096,237.0000,6,46.0967,588,0
1038,31.9800,31.8594,4096,237.0000,6,46.0967,588,0
1039,31.9800,31.8594,4096,237.0000,6,46.0967,589,0
1040,31.9800,31.8594,4096,237.0000,6,46.0967,590,0
1041,31.9800,31.8594,4096,237.0000,6,46.0967,590,0
1042,31.9800,31.8594,4096,237.0000,6,46.0967,591,0
1043,31.9800,31.8594,4096,237.0000,6,46.0967,592,0
1044,31.9800,31.8594,4096,237.0000,6,46.0967,593,0
1045,31.9800,31.8594,4096,237.0000,6,46.0967,593,0
1046,31.9800,31.8594,4096,237.0000,6,46.0967,593,0
1047,31.9800,31.8594,4096,237.0000,6,46.0967,594,0
1048,31.9800,31.8594,4096,237.0000,6,46.0967,594,0
1049,31.9800,31.8594,4096,237.0000,6,46.0967,595,0
1050,31.9800,31.8594,4096,237.0000,6,46.0967,595,0
1051,31.9800,31.8594,4096,237.0000,6,46.0967,595,0
1052,31.9800,31.8594,4096,237.0000,6,46.0967,595,0
1053,31.9800,31.8594,4096,237.0000,6,46.0967,596,0
1054,32.0063,31.9297,4096,227.6250,6,46.5850,597,1
1055,32.0063,31.9297,4096,227.6250,6,46.5850,598,1
1056,32.0063,31.9297,4096,227.6250,6,46.5850,598,1
1057,32.0063,31.9297,4096,227.6250,6,46.5850,599,1
1058,32.0063,31.9297,4096,227.6250,6,46.5850,599,1
1059,32.0063,31.9297,4096,227.6250,6,46.5850,599,1
1060,32.0063,31.9297,4096,227.6250,6,46.5850,599,1
1061,32.0063,31.9297,4096,227.6250,6,46.5850,599,1
1062,32.0063,31.9297,4096,227.6250,6,46.5850,600,1
1063,32.0063,31.9297,4096,227.6250,6,46.5850,600,1
1064,32.0063,31.9297,4096,227.6250,6,46.5850,601,1
1065,32.0063,31.9297,4096,227.6250,6,46.5850,602,1
1066,32.0063,31.9297,4096,227.6250,6,46.5850,602,1
1067,32.0063,31.9297,4096,227.6250,6,46.5850,602,1
1068,32.0063,31.9297,4096,227.6250,6,46.5850,602,1
1069,32.0063,31.9297,4096,227.6250,6,46.5850,603,1
1070,32.0063,31.9297,4096,227.6250,6,46.5850,604,1
1071,32.0063,31.9297,4096,227.6250,6,46.5850,604,1
1072,32.0063,31.9297,4096,227.6250,6,46.5850,605,1
1073,32.0063,31.9297,4096,227.6250,6,46.5850,605,1
1074,32.0063,31.9297,4096,227.6250,6,46.5850,606,1
1075,32.0063,31.9297,4096,227.6250,6,46.5850,606,1
1076,32.0063,31.9297,4096,227.6250,6,46.5850,607,1
1077,32.0063,31.9297,4096,227.6250,6,46.5850,607,1
1078,32.0063,31.9297,4096,227.6250,6,46.5850,608,1
1079,32.0063,31.9297,4096,227.6250,6,46.5850,608,1
1080,32.0063,31.9297,4096,227.6250,6,46.5850,609,1
1081,32.0063,31.9297,4096,227.6250,6,46.5850,609,1
1082,32.0063,31.9297,4096,227.6250,6,46.5850,610,1
1083,32.0063,31.9297,4096,227.6250,6,46.5850,610,1
1084,32.0063,31.9297,4096,227.6250,6,46.5850,611,1
1085,32.0063,31.9297,4096,227.6250,6,46.5850,611,1
1086,32.0063,31.9297,4096,227.6250,6,46.5850,612,1
1087,32.0063,31.9297,4096,227.6250,6,46.5850,613,1
1088,32.0063,31.9297,4096,227.6250,6,46.5850,613,1
1089,32.0063,31.9297,4096,227.6250,6,46.5850,614,1
1090,32.0063,31.9297,4096,227.6250,6,46.5850,615,1
1091,32.0063,31.9297,4096,227.6250,6,46.5850,615,1
1092,32.0063,31.9297,4096,227.6250,6,46.5850,615,1
1093,32.0063,31.9297,4096,227.6250,6,46.5850,616,1
1094,32.0063,31.9297,4096,227.6250,6,46.5850,616,1
1095,32.0063,31.9297,4096,227.6250,6,46.5850,616,1
1096,32.0063,31.9297,4096,227.6250,6,46.5850,616,1
1097,32.0063,31.9297,4096,227.6250,6,46.5850,616,1
1098,32.0063,31.9297,4096,227.6250,6,46.5850,616,1
1099,32.0063,31.9297,4096,227.6250,6,46.5850,617,1
1100,32.0063,31.9297,4096,227.6250,6,46.5850,618,1
1101,32.0063,31.9297,4096,227.6250,6,46.5850,619,1
1102,32.0063,31.9297,4096,227.6250,6,46.5850,619,1
1103,32.0063,31.9297,4096,227.6250,6,46.5850,619,1
1104,32.0063,31.9297,4096,227.6250,6,46.5850,620,1
1105,32.0063,31.9297,4096,227.6250,6,46.5850,621,1
1106,32.0063,31.9297,4096,227.6250,6,46.5850,622,1
1107,32.0063,31.9297,4096,227.6250,6,46.5850,622,1
1108,32.0063,31.9297,4096,227.6250,6,46.5850,623,1
1109,32.0063,31.9297,4096,227.6250,6,46.5850,623,1
1110,32.0063,31.9297,4096,227.6250,6,46.5850,623,1
1111,32.0063,31.9297,4096,227.6250,6,46.5850,624,1
1112,32.0063,31.9297,4096,227.6250,6,46.5850,625,1
1113,32.0063,31.9297,4096,227.6250,6,46.5850,625,1
1114,32.0063,31.9297,4096,227.6250,6,46.5850,626,1
1115,32.0063,31.9297,4096,227.6250,6,46.5850,627,1
1116,32.0063,31.9297,4096,227.6250,6,46.5850,627,1
1117,32.0063,31.9297,4096,227.6250,6,46.5850,627,1
1118,32.0063,31.9297,4096,227.6250,6,46.5850,627,1
1119,32.0063,31.9297,4096,227.6250,6,46.5850,628,1
1120,32.0063,31.9297,4096,227.6250,6,46.5850,628,1
1121,32.0063,31.9297,4096,227.6250,6,46.5850,628,1
1122,32.0063,31.9297,4096,227.6250,6,46.5850,628,1
1123,32.0063,31.9297,4096,227.6250,6,46.5850,629,1
1124,32.0063,31.9297,4096,227.6250,6,46.5850,629,1
1125,32.0063,31.9297,4096,227.6250,6,46.5850,629,1
1126,32.0063,31.9297,4096,227.6250,6,46.5850,629,1
1127,32.0063,31.9297,4096,227.6250,6,46.5850,629,1
1128,32.0063,31.9297,4096,227.6250,6,46.5850,630,1
1129,32.0063,31.9297,4096,227.6250,6,46.5850,631,1
1130,32.0063,31.9297,4096,227.6250,6,46.5850,631,1
1131,32.0063,31.9297,4096,227.6250,6,46.5850,632,1
1132,32.0063,31.9297,4096,227.6250,6,46.5850,632,1
1133,32.0063,31.9297,4096,227.6250,6,46.5850,632,1
1134,32.0063,31.9297,4096,227.6250,6,46.5850,633,1
1135,32.0063,31.9297,4096,227.6250,6,46.5850,633,1
1136,32.0063,31.9297,4096,227.6250,6,46.5850,633,1
1137,32.0063,31.9297,4096,227.6250,6,46.5850,633,1
1138,32.0063,31.9297,4096,227.6250,6,46.5850,634,1
1139,32.0063,31.9297,4096,227.6250,6,46.5850,635,1
1140,32.0063,31.9297,4096,227.6250,6,46.5850,636,1
1141,32.0063,31.9297,4096,227.6250,6,46.5850,637,1
1142,32.0063,31.9297,4096,227.6250,6,46.5850,637,1
1143,32.0063,31.9297,4096,227.6250,6,46.5850,638,1
1144,32.0063,31.9297,4096,227.6250,6,46.5850,639,1
1145,32.0063,31.9297,4096,227.6250,6,46.5850,640,1
1146,32.0063,31.9297,4096,227.6250,6,46.5850,640,1
1147,32.0063,31.9297,4096,227.6250,6,46.5850,640,1
1148,32.0063,31.9297,4096,227.6250,6,46.5850,641,1
1149,32.0063,31.9297,4096,227.6250,6,46.5850,641,1
1150,32.0063,31.9297,4096,227.6250,6,46.5850,642,1
1151,32.0063,31.9297,4096,227.6250,6,46.5850,642,1
1152,31.9919,32.0430,4096,256.6250,6,46.6883,643,1
1153,31.9919,32.0430,4096,256.6250,6,46.6883,643,1
1154,31.9919,32.0430,4096,256.6250,6,46.6883,643,1
1155,31.9919,32.0430,4096,256.6250,6,46.6883,644,1
1156,31.9919,32.0430,4096,256.6250,6,46.6883,645,1
1157,31.9919,32.0430,4096,256.6250,6,46.6883,645,1
1158,31.9919,32.0430,4096,256.6250,6,46.6883,646,1
1159,31.9919,32.0430,4096,256.6250,6,46.6883,646,1
1160,31.9919,32.0430,4096,256.6250,6,46.6883,647,1
1161,31.9919,32.0430,4096,256.6250,6,46.6883,647,1
1162,31.9919,32.0430,4096,256.6250,6,46.6883,647,1
1163,31.9919,32.0430,4096,256.6250,6,46.6883,647,1
1164,31.9919,32.0430,4096,256.6250,6,46.6883,648,1
1165,31.9919,32.0430,4096,256.6250,6,46.6883,649,1
1166,31.9919,32.0430,4096,256.6250,6,46.6883,650,1
1167,31.9919,32.0430,4096,256.6250,6,46.6883,651,1
1168,31.9919,32.0430,4096,256.6250,6,46.6883,652,1
1169,31.9919,32.0430,4096,256.6250,6,46.6883,653,1
1170,31.9919,32.0430,4096,256.6250,6,46.6883,654,1
1171,31.9919,32.0430,4096,256.6250,6,46.6883,654,1
1172,31.9919,32.0430,4096,256.6250,6,46.6883,654,1
1173,31.9919,32.0430,4096,256.6250,6,46.6883,655,1
1174,31.9919,32.0430,4096,256.6250,6,46.6883,656,1
1175,31.9919,32.0430,4096,256.6250,6,46.6883,656,1
1176,31.9919,32.0430,4096,256.6250,6,46.6883,657,1
1177,31.9919,32.0430,4096,256.6250,6,46.6883,658,1
1178,31.9919,32.0430,4096,256.6250,5,47.1883,659,1
1179,31.9919,32.0430,4096,256.6250,5,47.1883,659,1
1180,31.9919,32.0430,4096,256.6250,5,47.1883,660,1
1181,31.9919,32.0430,4096,256.6250,5,47.1883,661,1
1182,31.9919,32.0430,4096,256.6250,5,47.1883,662,1
1183,31.9919,32.0430,4096,256.6250,5,47.1883,662,1
1184,31.9919,32.0430,4096,256.6250,5,47.1883,662,1
1185,31.9919,32.0430,4096,256.6250,5,47.1883,663,1
1186,31.9919,32.0430,4096,256.6250,5,47.1883,663,1
1187,31.9919,32.0430,4096,256.6250,5,47.1883,663,1
1188,31.9919,32.0430,4096,256.6250,5,47.1883,664,1
1189,31.9919,32.0430,4096,256.6250,5,47.1883,665,1
1190,31.9919,32.0430,4096,256.6250,5,47.1883,665,1
1191,31.9919,32.0430,4096,256.6250,5,47.1883,666,1
1192,31.9919,32.0430,4096,256.6250,5,47.1883,666,1
1193,31.9919,32.0430,4096,256.6250,5,47.1883,666,1
1194,31.9919,32.0430,4096,256.6250,5,47.1883,667,1
1195,31.9919,32.0430,4096,256.6250,5,47.1883,667,1
1196,31.9919,32.0430,4096,256.6250,5,47.1883,668,1
1197,31.9919,32.0430,4096,256.6250,5,47.1883,669,1
1198,31.9919,32.0430,4096,256.6250,5,47.1883,669,1
1199,31.9919,32.0430,4096,256.6250,5,47.1883,670,1
1200,31.9919,32.0430,4096,256.6250,5,47.1883,671,1
1201,31.9919,32.0430,4096,256.6250,5,47.1883,671,1
1202,31.9919,32.0430,4096,256.6250,5,47.1883,671,1
1203,31.9919,32.0430,4096,256.6250,5,47.1883,672,1
1204,31.9919,32.0430,4096,256.6250,5,47.1883,672,1
1205,31.9919,32.0430,4096,256.6250,5,47.1883,672,1
1206,31.9919,32.0430,4096,256.6250,5,47.1883,673,1
1207,31.9919,32.0430,4096,256.6250,5,47.1883,673,1
1208,31.9919,32.0430,4096,256.6250,5,47.1883,674,1
1209,31.9919,32.0430,4096,256.6250,5,47.1883,674,1
1210,31.9919,32.0430,4096,256.6250,5,47.1883,674,1
1211,31.9919,32.0430,4096,256.6250,5,47.1883,674,1
1212,31.9919,32.0430,4096,256.6250,5,47.1883,675,1
1213,31.9919,32.0430,4096,256.6250,5,47.1883,675,1
1214,31.9919,32.0430,4096,256.6250,5,47.1883,676,1
1215,31.9919,32.0430,4096,256.6250,5,47.1883,676,1
1216,31.9919,32.0430,4096,256.6250,5,47.1883,677,1
1217,31.9919,32.0430,4096,256.6250,5,47.1883,677,1
1218,31.9919,32.0430,4096,256.6250,5,47.1883,677,1
1219,31.9919,32.0430,4096,256.6250,5,47.1883,677,1
1220,31.9919,32.0430,4096,256.6250,5,47.1883,677,1
1221,31.9919,32.0430,4096,256.6250,5,47.1883,678,1
1222,31.9919,32.0430,4096,256.6250,5,47.1883,678,1
1223,31.9919,32.0430,4096,256.6250,5,47.1883,679,1
1224,31.9919,32.0430,4096,256.6250,5,47.1883,679,1
1225,31.9919,32.0430,4096,256.6250,5,47.1883,679,1
1226,31.9919,32.0430,4096,256.6250,5,47.1883,680,1
1227,31.9919,32.0430,4096,256.6250,5,47.1883,681,1
1228,31.9919,32.0430,4096,256.6250,5,47.1883,682,1
1229,31.9919,32.0430,4096,256.6250,5,47.1883,682,1
1230,31.9919,32.0430,4096,256.6250,5,47.1883,683,1
1231,31.9919,32.0430,4096,256.6250,5,47.1883,683,1
1232,31.9919,32.0430,4096,256.6250,5,47.1883,684,1
1233,31.9919,32.0430,4096,256.6250,5,47.1883,684,1
1234,31.9919,32.0430,4096,256.6250,5,47.1883,685,1
1235,31.9919,32.0430,4096,256.6250,5,47.1883,686,1
1236,31.9919,32.0430,4096,256.6250,5,47.1883,686,1
1237,31.9919,32.0430,4096,256.6250,5,47.1883,687,1
1238,31.9919,32.0430,4096,256.6250,5,47.1883,688,1
1239,31.9919,32.0430,4096,256.6250,5,47.1883,689,1
1240,31.9919,32.0430,4096,256.6250,5,47.1883,690,1
1241,31.9919,32.0430,4096,256.6250,5,47.1883,690,1
1242,31.9919,32.0430,4096,256.6250,5,47.1883,691,1
1243,31.9919,32.0430,4096,256.6250,5,47.1883,692,1
1244,31.9919,32.0430,4096,256.6250,5,47.1883,692,1
1245,31.9919,32.0430,4096,256.6250,5,47.1883,693,1
1246,31.9919,32.0430,4096,256.6250,5,47.1883,694,1
1247,31.9919,32.0430,4096,256.6250,5,47.1883,694,1
1248,31.9919,32.0430,4096,256.6250,5,47.1883,695,1
1249,31.9919,32.0430,4096,256.6250,5,47.1883,696,1
1250,31.9919,32.0430,4096,256.6250,5,47.1883,696,1
1251,31.9919,32.0430,4096,256.6250,5,47.1883,697,1
1252,31.9919,32.0430,4096,256.6250,5,47.1883,697,1
1253,31.9919,32.0430,4096,256.6250,5,47.1883,698,1
1254,31.9919,32.0430,4096,256.6250,5,47.1883,698,1
1255,31.9919,32.0430,4096,256.6250,5,47.1883,698,1
1256,31.9919,32.0430,4096,256.6250,5,47.1883,698,1
1257,31.9919,32.0430,4096,256.6250,5,47.1883,699,1
1258,31.9919,32.0430,4096,256.6250,5,47.1883,700,1
1259,31.9919,32.0430,4096,256.6250,5,47.1883,701,1
1260,31.9919,32.0430,4096,256.6250,5,47.1883,701,1
1261,31.9919,32.0430,4096,256.6250,5,47.1883,701,1
1262,31.9919,32.0430,4096,256.6250,5,47.1883,702,1
1263,31.9919,32.0430,4096,256.6250,5,47.1883,702,1
1264,31.9919,32.0430,4096,256.6250,5,47.1883,703,1
1265,31.9919,32.0430,4096,256.6250,5,47.1883,704,1
1266,31.9919,32.0430,4096,256.6250,5,47.1883,704,1
1267,31.9919,32.0430,4096,256.6250,5,47.1883,705,1
1268,31.9919,32.0430,4096,256.6250,5,47.1883,705,1
1269,31.9919,32.0430,4096,256.6250,5,47.1883,705,1
1270,31.9919,32.0430,4096,256.6250,5,47.1883,705,1
1271,31.9919,32.0430,4096,256.6250,5,47.1883,705,1
1272,31.9919,32.0430,4096,256.6250,5,47.1883,705,1
1273,31.9919,32.0430,4096,256.6250,5,47.1883,705,1
1274,31.9919,32.0430,4096,256.6250,5,47.1883,705,1
1275,31.9919,32.0430,4096,256.6250,5,47.1883,706,1
1276,31.9919,32.0430,4096,256.6250,5,47.1883,706,1
1277,31.9919,32.0430,4096,256.6250,5,47.1883,707,1
1278,31.9919,32.0430,4096,256.6250,5,47.1883,707,1
1279,31.9919,32.0430,4096,256.6250,5,47.1883,707,1
1280,31.9919,32.0430,4096,256.6250,5,47.1883,708,1
1281,31.9919,32.0430,4096,256.6250,5,47.1883,708,1
1282,31.9919,32.0430,4096,256.6250,5,47.1883,709,1
1283,31.9919,32.0430,4096,256.6250,5,47.1883,709,1
1284,31.9919,32.0430,4096,256.6250,5,47.1883,709,1
1285,31.9919,32.0430,4096,256.6250,5,47.1883,709,1
1286,31.9919,32.0430,4096,256.6250,5,47.1883,709,1
1287,31.9919,32.0430,4096,256.6250,5,47.1883,710,1
1288,31.9919,32.0430,4096,256.6250,5,47.1883,710,1
1289,31.9919,32.0430,4096,256.6250,5,47.1883,710,1
1290,31.9919,32.0430,4096,256.6250,5,47.1883,710,1
1291,31.9919,32.0430,4096,256.6250,5,47.1883,710,1
1292,31.9919,32.0430,4096,256.6250,5,47.1883,710,1
1293,31.9919,32.0430,4096,256.6250,5,47.1883,710,1
1294,31.9919,32.0430,4096,256.6250,5,47.1883,710,1
1295,31.9919,32.0430,4096,256.6250,5,47.1883,710,1
1296,31.9919,32.0430,4096,256.6250,5,47.1883,710,1
1297,31.9919,32.0430,4096,256.6250,5,47.1883,711,1
1298,31.9919,32.0430,4096,256.6250,5,47.1883,711,1
1299,31.9919,32.0430,4096,256.6250,5,47.1883,711,1
1300,31.9919,32.0430,4096,256.6250,5,47.1883,712,1
1301,31.9919,32.0430,4096,256.6250,5,47.1883,713,1
1302,31.9919,32.0430,4096,256.6250,5,47.1883,713,1
1303,31.9919,32.0430,4096,256.6250,5,47.1883,713,1
1304,31.9919,32.0430,4096,256.6250,5,47.1883,713,1
1305,31.9919,32.0430,4096,256.6250,5,47.1883,714,1
1306,31.9919,32.0430,4096,256.6250,5,47.1883,715,1
1307,31.9919,32.0430,4096,256.6250,5,47.1883,715,1
1308,31.9919,32.0430,4096,256.6250,5,47.1883,715,1
1309,31.9919,32.0430,4096,256.6250,5,47.1883,715,1
1310,31.9919,32.0430,4096,256.6250,5,47.1883,715,1
1311,31.9919,32.0430,4096,256.6250,5,47.1883,715,1
1312,31.9919,32.0430,4096,256.6250,5,47.1883,716,1
1313,31.9919,32.0430,4096,256.6250,5,47.1883,716,1
1314,31.9919,32.0430,4096,256.6250,5,47.1883,716,1
1315,31.9919,32.0430,4096,256.6250,5,47.1883,716,1
1316,31.9919,32.0430,4096,256.6250,5,47.1883,716,1
1317,31.9919,32.0430,4096,256.6250,5,47.1883,716,1
1318,31.9919,32.0430,4096,256.6250,5,47.1883,716,1
1319,31.9919,32.0430,4096,256.6250,5,47.1883,717,1
1320,31.9919,32.0430,4096,256.6250,5,47.1883,717,1
1321,31.9919,32.0430,4096,256.6250,5,47.1883,717,1
1322,31.9919,32.0430,4096,256.6250,5,47.1883,717,1
1323,31.9919,32.0430,4096,256.6250,5,47.1883,717,1
1324,31.9919,32.0430,4096,256.6250,5,47.1883,717,1
1325,31.9919,32.0430,4096,256.6250,5,47.1883,717,1
1326,31.9919,32.0430,4096,256.6250,5,47.1883,717,1
1327,31.9919,32.0430,4096,256.6250,5,47.1883,717,1
1328,31.9919,32.0430,4096,256.6250,5,47.1883,717,1
1329,31.9919,32.0430,4096,256.6250,5,47.1883,717,1
1330,31.9919,32.0430,4096,256.6250,5,47.1883,717,1
1331,31.9919,32.0430,4096,256.6250,5,47.1883,718,1
1332,31.9919,32.0430,4096,256.6250,5,47.1883,718,1
1333,31.9919,32.0430,4096,256.6250,5,47.1883,718,1
1334,31.9919,32.0430,4096,256.6250,5,47.1883,719,1
1335,31.9919,32.0430,4096,256.6250,5,47.1883,719,1
1336,31.9919,32.0430,4096,256.6250,5,47.1883,719,1
1337,31.9919,32.0430,4096,256.6250,5,47.1883,719,1
1338,31.9919,32.0430,4096,256.6250,5,47.1883,719,1
1339,31.9919,32.0430,4096,256.6250,5,47.1883,719,1
1340,31.9919,32.0430,4096,256.6250,5,47.1883,720,1
1341,31.9919,32.0430,4096,256.6250,5,47.1883,720,1
1342,31.9919,32.0430,4096,256.6250,5,47.1883,720,1
1343,31.9919,32.0430,4096,256.6250,5,47.1883,721,1
1344,31.9919,32.0430,4096,256.6250,5,47.1883,721,1
1345,31.9919,32.0430,4096,256.6250,5,47.1883,721,1
1346,31.9919,32.0430,4096,256.6250,5,47.1883,722,1
1347,31.9919,32.0430,4096,256.6250,5,47.1883,722,1
1348,31.9919,32.0430,4096,256.6250,5,47.1883,722,1
1349,31.9919,32.0430,4096,256.6250,5,47.1883,722,1
1350,31.9919,32.0430,4096,256.6250,5,47.1883,722,1
1351,31.9919,32.0430,4096,256.6250,5,47.1883,722,1
1352,31.9919,32.0430,4096,256.6250,5,47.1883,722,1
1353,31.9919,32.0430,4096,256.6250,5,47.1883,722,1
1354,31.9919,32.0430,4096,256.6250,5,47.1883,723,1
1355,31.9919,32.0430,4096,256.6250,5,47.1883,724,1
1356,31.9919,32.0430,4096,256.6250,5,47.1883,724,1
1357,31.9919,32.0430,4096,256.6250,5,47.1883,724,1
1358,31.9919,32.0430,4096,256.6250,5,47.1883,724,1
1359,31.9919,32.0430,4096,256.6250,5,47.1883,725,1
1360,31.9919,32.0430,4096,256.6250,5,47.1883,726,1
1361,31.9919,32.0430,4096,256.6250,5,47.1883,726,1
1362,31.9919,32.0430,4096,256.6250,5,47.1883,726,1
1363,31.9919,32.0430,4096,256.6250,5,47.1883,726,1
1364,31.9919,32.0430,4096,256.6250,5,47.1883,726,1
1365,31.9919,32.0430,4096,256.6250,5,47.1883,726,1
1366,31.9919,32.0430,4096,256.6250,5,47.1883,726,1
1367,31.9919,32.0430,4096,256.6250,5,47.1883,726,1
1368,31.9919,32.0430,4096,256.6250,5,47.1883,726,1
1369,31.9919,32.0430,4096,256.6250,5,47.1883,726,1
1370,31.9919,32.0430,4096,256.6250,5,47.1883,727,1
1371,31.9919,32.0430,4096,256.6250,5,47.1883,728,1
1372,31.9919,32.0430,4096,256.6250,5,47.1883,728,1
1373,31.9919,32.0430,4096,256.6250,5,47.1883,729,1
1374,31.9919,32.0430,4096,256.6250,5,47.1883,729,1
1375,31.9919,32.0430,4096,256.6250,5,47.1883,729,1
1376,31.9919,32.0430,4096,256.6250,5,47.1883,730,1
1377,31.9919,32.0430,4096,256.6250,5,47.1883,730,1
1378,31.9919,32.0430,4096,256.6250,5,47.1883,730,1
1379,31.9919,32.0430,4096,256.6250,5,47.1883,730,1
1380,31.9919,32.0430,4096,256.6250,5,47.1883,731,1
1381,31.9919,32.0430,4096,256.6250,5,47.1883,731,1
1382,31.9919,32.0430,4096,256.6250,5,47.1883,731,1
1383,31.9919,32.0430,4096,256.6250,5,47.1883,731,1
1384,31.9919,32.0430,4096,256.6250,5,47.1883,731,1
1385,31.9919,32.0430,4096,256.6250,5,47.1883,731,1
1386,31.9919,32.0430,4096,256.6250,5,47.1883,731,1
1387,31.9919,32.0430,4096,256.6250,5,47.1883,731,1
1388,31.9919,32.0430,4096,256.6250,5,47.1883,732,1
1389,31.9919,32.0430,4096,256.6250,5,47.1883,732,1
1390,31.9919,32.0430,4096,256.6250,5,47.1883,733,1
1391,31.9919,32.0430,4096,256.6250,5,47.1883,733,1
1392,31.9919,32.0430,4096,256.6250,5,47.1883,733,1
1393,31.9919,32.0430,4096,256.6250,5,47.1883,733,1
1394,31.9919,32.0430,4096,256.6250,5,47.1883,734,1
1395,31.9919,32.0430,4096,256.6250,5,47.1883,735,1
1396,31.9919,32.0430,4096,256.6250,5,47.1883,735,1
1397,31.9919,32.0430,4096,256.6250,5,47.1883,735,1
1398,31.9919,32.0430,4096,256.6250,5,47.1883,735,1
1399,31.9919,32.0430,4096,256.6250,5,47.1883,736,1
1400,31.9919,32.0430,4096,256.6250,5,47.1883,736,1
1401,31.9919,32.0430,4096,256.6250,5,47.1883,736,1
1402,31.9919,32.0430,4096,256.6250,5,47.1883,736,1
1403,31.9919,32.0430,4096,256.6250,5,47.1883,736,1
1404,31.9919,32.0430,4096,256.6250,5,47.1883,736,1
1405,31.9919,32.0430,4096,256.6250,5,47.1883,737,1
1406,31.9919,32.0430,4096,256.6250,5,47.1883,737,1
1407,31.9919,32.0430,4096,256.6250,5,47.1883,738,1
1408,31.9919,32.0430,4096,256.6250,5,47.1883,738,1
1409,31.9919,32.0430,4096,256.6250,5,47.1883,738,1
1410,31.9919,32.0430,4096,256.6250,5,47.1883,738,1
1411,31.9919,32.0430,4096,256.6250,5,47.1883,738,1
1412,31.9919,32.0430,4096,256.6250,5,47.1883,738,1
1413,31.9919,32.0430,4096,256.6250,5,47.1883,739,1
1414,31.9919,32.0430,4096,256.6250,5,47.1883,739,1
1415,31.9919,32.0430,4096,256.6250,5,47.1883,739,1
1416,31.9919,32.0430,4096,256.6250,5,47.1883,739,1
1417,31.9919,32.0430,4096,256.6250,5,47.1883,740,1
1418,31.9919,32.0430,4096,256.6250,5,47.1883,740,1
1419,31.9919,32.0430,4096,256.6250,5,47.1883,740,1
1420,31.9919,32.0430,4096,256.6250,5,47.1883,741,1
1421,31.9919,32.0430,4096,256.6250,5,47.1883,742,1
1422,31.9919,32.0430,4096,256.6250,5,47.1883,742,1
1423,31.9919,32.0430,4096,256.6250,5,47.1883,742,1
1424,31.9919,32.0430,4096,256.6250,5,47.1883,742,1
1425,31.9919,32.0430,4096,256.6250,5,47.1883,743,1
1426,31.9919,32.0430,4096,256.6250,5,47.1883,743,1
1427,31.9919,32.0430,4096,256.6250,5,47.1883,744,1
1428,31.9919,32.0430,4096,256.6250,5,47.1883,745,1
1429,31.9919,32.0430,4096,256.6250,5,47.1883,745,1
1430,31.9919,32.0430,4096,256.6250,5,47.1883,746,1
1431,31.9919,32.0430,4096,256.6250,5,47.1883,746,1
1432,31.9919,32.0430,4096,256.6250,5,47.1883,746,1
1433,31.9919,32.0430,4096,256.6250,5,47.1883,746,1
1434,31.9919,32.0430,4096,256.6250,5,47.1883,746,1
1435,31.9919,32.0430,4096,256.6250,5,47.1883,747,1
1436,31.9919,32.0430,4096,256.6250,5,47.1883,747,1
1437,31.9919,32.0430,4096,256.6250,5,47.1883,748,1
1438,31.9919,32.0430,4096,256.6250,5,47.1883,748,1
1439,31.9919,32.0430,4096,256.6250,5,47.1883,748,1
1440,31.9919,32.0430,4096,256.6250,5,47.1883,748,1
1441,31.9919,32.0430,4096,256.6250,5,47.1883,748,1
1442,31.9919,32.0430,4096,256.6250,5,47.1883,749,1
1443,31.9919,32.0430,4096,256.6250,5,47.1883,749,1
1444,31.9919,32.0430,4096,256.6250,5,47.1883,749,1
1445,31.9919,32.0430,4096,256.6250,5,47.1883,749,1
1446,31.9919,32.0430,4096,256.6250,5,47.1883,749,1
1447,31.9919,32.0430,4096,256.6250,5,47.1883,749,1
1448,31.9919,32.0430,4096,256.6250,5,47.1883,749,1
1449,31.9919,32.0430,4096,256.6250,5,47.1883,749,1
1450,31.9919,32.0430,4096,256.6250,5,47.1883,749,1
1451,31.9919,32.0430,4096,256.6250,5,47.1883,749,1
1452,31.9919,32.0430,4096,256.6250,5,47.1883,750,1
1453,31.9919,32.0430,4096,256.6250,5,47.1883,751,1
1454,31.9919,32.0430,4096,256.6250,5,47.1883,751,1
1455,31.9919,32.0430,4096,256.6250,5,47.1883,751,1
1456,31.9919,32.0430,4096,256.6250,5,47.1883,751,1
1457,31.9919,32.0430,4096,256.6250,5,47.1883,751,1
1458,31.9919,32.0430,4096,256.6250,5,47.1883,751,1
1459,31.9919,32.0430,4096,256.6250,5,47.1883,751,1
1460,31.9919,32.0430,4096,256.6250,5,47.1883,752,1
1461,31.9919,32.0430,4096,256.6250,5,47.1883,752,1
1462,31.9919,32.0430,4096,256.6250,5,47.1883,753,1
1463,31.9919,32.0430,4096,256.6250,5,47.1883,753,1
1464,31.9919,32.0430,4096,256.6250,5,47.1883,754,1
1465,31.9919,32.0430,4096,256.6250,5,47.1883,755,1
1466,31.9919,32.0430,4096,256.6250,5,47.1883,755,1
1467,31.9919,32.0430,4096,256.6250,5,47.1883,756,1
1468,31.9919,32.0430,4096,256.6250,5,47.1883,756,1
1469,31.9919,32.0430,4096,256.6250,5,47.1883,757,1
1470,31.9919,32.0430,4096,256.6250,5,47.1883,757,1
1471,31.9919,32.0430,4096,256.6250,5,47.1883,757,1
1472,31.9919,32.0430,4096,256.6250,5,47.1883,757,1
1473,31.9919,32.0430,4096,256.6250,5,47.1883,757,1
1474,31.9919,32.0430,4096,256.6250,5,47.1883,757,1
1475,31.9919,32.0430,4096,256.6250,5,47.1883,758,1
1476,31.9919,32.0430,4096,256.6250,5,47.1883,759,1
1477,31.9919,32.0430,4096,256.6250,5,47.1883,759,1
1478,31.9919,32.0430,4096,256.6250,5,47.1883,759,1
1479,31.9919,32.0430,4096,256.6250,5,47.1883,759,1
1480,31.9919,32.0430,4096,256.6250,5,47.1883,760,1
1481,31.9919,32.0430,4096,256.6250,5,47.1883,760,1
1482,31.9919,32.0430,4096,256.6250,5,47.1883,761,1
1483,31.9919,32.0430,4096,256.6250,5,47.1883,761,1
1484,31.9919,32.0430,4096,256.6250,5,47.1883,761,1
1485,31.9919,32.0430,4096,256.6250,5,47.1883,761,1
1486,31.9919,32.0430,4096,256.6250,5,47.1883,761,1
1487,31.9919,32.0430,4096,256.6250,5,47.1883,761,1
1488,31.9919,32.0430,4096,256.6250,5,47.1883,761,1
1489,31.9919,32.0430,4096,256.6250,5,47.1883,762,1
1490,31.9919,32.0430,4096,256.6250,5,47.1883,762,1
1491,31.9919,32.0430,4096,256.6250,5,47.1883,762,1
1492,31.9919,32.0430,4096,256.6250,5,47.1883,762,1
1493,31.9919,32.0430,4096,256.6250,5,47.1883,762,1
1494,31.9919,32.0430,4096,256.6250,5,47.1883,762,1
1495,31.9919,32.0430,4096,256.6250,5,47.1883,762,1
1496,31.9919,32.0430,4096,256.6250,5,47.1883,762,1
1497,31.9919,32.0430,4096,256.6250,5,47.1883,762,1
1498,31.9919,32.0430,4096,256.6250,5,47.1883,763,1
1499,31.9919,32.0430,4096,256.6250,5,47.1883,763,1
1500,31.9919,32.0430,4096,256.6250,5,47.1883,764,1
1501,31.9919,32.0430,4096,256.6250,5,47.1883,764,1
1502,31.9919,32.0430,4096,256.6250,5,47.1883,765,1
1503,31.9919,32.0430,4096,256.6250,5,47.1883,766,1
1504,31.9919,32.0430,4096,256.6250,5,47.1883,766,1
1505,31.9919,32.0430,4096,256.6250,5,47.1883,766,1
1506,31.9919,32.0430,4096,256.6250,5,47.1883,767,1
1507,31.9919,32.0430,4096,256.6250,5,47.1883,768,1
1508,31.9919,32.0430,4096,256.6250,5,47.1883,768,1
1509,31.9919,32.0430,4096,256.6250,5,47.1883,768,1
1510,31.9919,32.0430,4096,256.6250,5,47.1883,768,1
1511,31.9919,32.0430,4096,256.6250,5,47.1883,768,1
1512,31.9919,32.0430,4096,256.6250,5,47.1883,768,1
1513,31.9919,32.0430,4096,256.6250,5,47.1883,769,1
1514,31.9919,32.0430,4096,256.6250,5,47.1883,769,1
1515,31.9919,32.0430,4096,256.6250,5,47.1883,769,1
1516,31.9919,32.0430,4096,256.6250,5,47.1883,769,1
1517,31.9919,32.0430,4096,256.6250,5,47.1883,769,1
1518,31.9919,32.0430,4096,256.6250,5,47.1883,769,1
1519,31.9919,32.0430,4096,256.6250,5,47.1883,769,1
1520,31.9919,32.0430,4096,256.6250,5,47.1883,769,1
1521,31.9919,32.0430,4096,256.6250,5,47.1883,769,1
1522,31.9919,32.0430,4096,256.6250,5,47.1883,770,1
1523,31.9919,32.0430,4096,256.6250,5,47.1883,770,1
1524,31.9919,32.0430,4096,256.6250,5,47.1883,770,1
1525,31.9919,32.0430,4096,256.6250,5,47.1883,771,1
1526,31.9919,32.0430,4096,256.6250,5,47.1883,772,1
1527,31.9919,32.0430,4096,256.6250,5,47.1883,773,1
1528,31.9919,32.0430,4096,256.6250,5,47.1883,773,1
1529,31.9919,32.0430,4096,256.6250,5,47.1883,773,1
1530,31.9919,32.0430,4096,256.6250,5,47.1883,773,1
1531,31.9919,32.0430,4096,256.6250,5,47.1883,774,1
1532,31.9919,32.0430,4096,256.6250,5,47.1883,774,1
1533,31.9919,32.0430,4096,256.6250,5,47.1883,775,1
1534,31.9919,32.0430,4096,256.6250,5,47.1883,775,1
1535,31.9919,32.0430,4096,256.6250,5,47.1883,776,1
1536,31.9919,32.0430,4096,256.6250,5,47.1883,776,1
1537,31.9919,32.0430,4096,256.6250,5,47.1883,777,1
1538,31.9919,32.0430,4096,256.6250,5,47.1883,777,1
1539,31.9919,32.0430,4096,256.6250,5,47.1883,778,1
1540,31.9919,32.0430,4096,256.6250,5,47.1883,778,1
1541,31.9919,32.0430,4096,256.6250,5,47.1883,778,1
1542,31.9919,32.0430,4096,256.6250,5,47.1883,778,1
1543,31.9919,32.0430,4096,256.6250,5,47.1883,778,1
1544,31.9919,32.0430,4096,256.6250,5,47.1883,778,1
1545,31.9919,32.0430,4096,256.6250,5,47.1883,778,1
1546,31.9919,32.0430,4096,256.6250,5,47.1883,778,1
1547,31.9919,32.0430,4096,256.6250,5,47.1883,778,1
1548,31.9919,32.0430,4096,256.6250,5,47.1883,779,1
1549,31.9919,32.0430,4096,256.6250,5,47.1883,780,1
1550,31.9919,32.0430,4096,256.6250,5,47.1883,781,1
1551,31.9919,32.0430,4096,256.6250,5,47.1883,782,1
1552,31.9919,32.0430,4096,256.6250,5,47.1883,782,1
1553,31.9919,32.0430,4096,256.6250,5,47.1883,783,1
1554,31.9919,32.0430,4096,256.6250,5,47.1883,783,1
1555,31.9919,32.0430,4096,256.6250,5,47.1883,784,1
1556,31.9919,32.0430,4096,256.6250,5,47.1883,784,1
1557,31.9919,32.0430,4096,256.6250,5,47.1883,785,1
1558,31.9919,32.0430,4096,256.6250,5,47.1883,785,1
1559,31.9919,32.0430,4096,256.6250,5,47.1883,785,1
1560,31.9919,32.0430,4096,256.6250,5,47.1883,785,1
1561,31.9919,32.0430,4096,256.6250,5,47.1883,785,1
1562,31.9919,32.0430,4096,256.6250,5,47.1883,785,1
1563,31.9919,32.0430,4096,256.6250,5,47.1883,785,1
1564,31.9919,32.0430,4096,256.6250,5,47.1883,786,1
1565,31.9919,32.0430,4096,256.6250,5,47.1883,787,1
1566,31.9919,32.0430,4096,256.6250,5,47.1883,787,1
1567,31.9919,32.0430,4096,256.6250,5,47.1883,787,1
1568,31.9919,32.0430,4096,256.6250,5,47.1883,787,1
1569,31.9919,32.0430,4096,256.6250,5,47.1883,787,1
1570,31.9919,32.0430,4096,256.6250,5,47.1883,787,1
1571,31.9919,32.0430,4096,256.6250,5,47.1883,787,1
1572,31.9919,32.0430,4096,256.6250,5,47.1883,787,1
1573,31.9919,32.0430,4096,256.6250,5,47.1883,788,1
1574,31.9919,32.0430,4096,256.6250,5,47.1883,788,1
1575,31.9919,32.0430,4096,256.6250,5,47.1883,788,1
1576,31.9919,32.0430,4096,256.6250,5,47.1883,788,1
1577,31.9919,32.0430,4096,256.6250,5,47.1883,788,1
1578,31.9919,32.0430,4096,256.6250,5,47.1883,789,1
1579,31.9919,32.0430,4096,256.6250,5,47.1883,789,1
1580,31.9919,32.0430,4096,256.6250,5,47.1883,789,1
1581,31.9919,32.0430,4096,256.6250,5,47.1883,789,1
1582,31.9919,32.0430,4096,256.6250,5,47.1883,789,1
1583,31.9919,32.0430,4096,256.6250,5,47.1883,789,1
1584,31.9919,32.0430,4096,256.6250,5,47.1883,790,1
1585,31.9919,32.0430,4096,256.6250,5,47.1883,790,1
1586,31.9919,32.0430,4096,256.6250,5,47.1883,790,1
1587,31.9919,32.0430,4096,256.6250,5,47.1883,790,1
1588,31.9919,32.0430,4096,256.6250,5,47.1883,790,1
1589,31.9919,32.0430,4096,256.6250,5,47.1883,790,1
1590,31.9919,32.0430,4096,256.6250,5,47.1883,790,1
1591,31.9919,32.0430,4096,256.6250,5,47.1883,790,1
1592,31.9919,32.0430,4096,256.6250,5,47.1883,790,1
1593,31.9919,32.0430,4096,256.6250,5,47.1883,791,1
1594,31.9919,32.0430,4096,256.6250,5,47.1883,791,1
1595,31.9919,32.0430,4096,256.6250,5,47.1883,791,1
1596,31.9919,32.0430,4096,256.6250,5,47.1883,791,1
1597,31.9919,32.0430,4096,256.6250,5,47.1883,791,1
1598,31.9919,32.0430,4096,256.6250,5,47.1883,791,1
1599,31.9919,32.0430,4096,256.6250,5,47.1883,791,1
1600,31.9919,32.0430,4096,256.6250,5,47.1883,792,1
1601,31.9919,32.0430,4096,256.6250,5,47.1883,792,1
1602,31.9919,32.0430,4096,256.6250,5,47.1883,792,1
1603,31.9919,32.0430,4096,256.6250,5,47.1883,793,1
1604,31.9919,32.0430,4096,256.6250,5,47.1883,793,1
1605,31.9919,32.0430,4096,256.6250,5,47.1883,793,1
1606,31.9919,32.0430,4096,256.6250,5,47.1883,793,1
1607,31.9919,32.0430,4096,256.6250,5,47.1883,794,1
1608,31.9919,32.0430,4096,256.6250,5,47.1883,794,1
1609,31.9919,32.0430,4096,256.6250,5,47.1883,794,1
1610,31.9919,32.0430,4096,256.6250,5,47.1883,794,1
1611,31.9919,32.0430,4096,256.6250,5,47.1883,794,1
1612,31.9919,32.0430,4096,256.6250,5,47.1883,794,1
1613,31.9919,32.0430,4096,256.6250,5,47.1883,795,1
1614,31.9919,32.0430,4096,256.6250,5,47.1883,796,1
1615,31.9919,32.0430,4096,256.6250,5,47.1883,797,1
1616,31.9919,32.0430,4096,256.6250,5,47.1883,797,1
1617,31.9919,32.0430,4096,256.6250,5,47.1883,797,1
1618,31.9919,32.0430,4096,256.6250,5,47.1883,798,1
1619,31.9919,32.0430,4096,256.6250,5,47.1883,799,1
1620,31.9919,32.0430,4096,256.6250,5,47.1883,799,1
1621,31.9919,32.0430,4096,256.6250,5,47.1883,799,1
1622,31.9919,32.0430,4096,256.6250,5,47.1883,799,1
1623,31.9919,32.0430,4096,256.6250,5,47.1883,799,1
1624,31.9919,32.0430,4096,256.6250,5,47.1883,799,1
1625,31.9919,32.0430,4096,256.6250,5,47.1883,800,1
1626,31.9919,32.0430,4096,256.6250,5,47.1883,800,1
1627,31.9919,32.0430,4096,256.6250,5,47.1883,800,1
1628,31.9919,32.0430,4096,256.6250,5,47.1883,800,1
1629,31.9919,32.0430,4096,256.6250,5,47.1883,801,1
1630,31.9919,32.0430,4096,256.6250,5,47.1883,801,1
1631,31.9919,32.0430,4096,256.6250,5,47.1883,802,1
1632,31.9919,32.0430,4096,256.6250,5,47.1883,803,1
1633,31.9919,32.0430,4096,256.6250,5,47.1883,804,1
1634,31.9919,32.0430,4096,256.6250,5,47.1883,804,1
1635,31.9919,32.0430,4096,256.6250,5,47.1883,804,1
1636,31.9919,32.0430,4096,256.6250,5,47.1883,804,1
1637,31.9919,32.0430,4096,256.6250,5,47.1883,804,1
1638,31.9919,32.0430,4096,256.6250,5,47.1883,804,1
1639,31.9919,32.0430,4096,256.6250,5,47.1883,804,1
1640,31.9919,32.0430,4096,256.6250,5,47.1883,804,1
1641,31.9919,32.0430,4096,256.6250,5,47.1883,804,1
1642,31.9919,32.0430,4096,256.6250,5,47.1883,804,1
1643,31.9919,32.0430,4096,256.6250,5,47.1883,805,1
1644,31.9919,32.0430,4096,256.6250,5,47.1883,806,1
1645,31.9919,32.0430,4096,256.6250,5,47.1883,806,1
1646,31.9919,32.0430,4096,256.6250,5,47.1883,806,1
1647,31.9919,32.0430,4096,256.6250,5,47.1883,807,1
1648,31.9919,32.0430,4096,256.6250,5,47.1883,808,1
1649,31.9919,32.0430,4096,256.6250,5,47.1883,809,1
1650,31.9919,32.0430,4096,256.6250,5,47.1883,809,1
1651,31.9919,32.0430,4096,256.6250,5,47.1883,809,1
1652,31.9919,32.0430,4096,256.6250,5,47.1883,810,1
1653,31.9919,32.0430,4096,256.6250,5,47.1883,810,1
1654,31.9919,32.0430,4096,256.6250,5,47.1883,811,1
1655,31.9919,32.0430,4096,256.6250,5,47.1883,811,1
1656,31.9919,32.0430,4096,256.6250,5,47.1883,812,1
1657,31.9919,32.0430,4096,256.6250,5,47.1883,813,1
1658,31.9919,32.0430,4096,256.6250,5,47.1883,814,1
1659,31.9919,32.0430,4096,256.6250,5,47.1883,814,1
1660,31.9919,32.0430,4096,256.6250,5,47.1883,814,1
1661,31.9919,32.0430,4096,256.6250,5,47.1883,814,1
1662,31.9919,32.0430,4096,256.6250,5,47.1883,814,1
1663,31.9919,32.0430,4096,256.6250,5,47.1883,815,1
1664,31.9919,32.0430,4096,256.6250,5,47.1883,815,1
1665,31.9919,32.0430,4096,256.6250,5,47.1883,815,1
1666,31.9919,32.0430,4096,256.6250,5,47.1883,816,1
1667,31.9919,32.0430,4096,256.6250,5,47.1883,816,1
1668,31.9919,32.0430,4096,256.6250,5,47.1883,816,1
1669,31.9919,32.0430,4096,256.6250,5,47.1883,816,1
1670,31.9919,32.0430,4096,256.6250,5,47.1883,816,1
1671,31.9919,32.0430,4096,256.6250,5,47.1883,816,1
1672,31.9919,32.0430,4096,256.6250,5,47.1883,816,1
1673,31.9919,32.0430,4096,256.6250,5,47.1883,816,1
1674,31.9919,32.0430,4096,256.6250,5,47.1883,816,1
1675,31.9919,32.0430,4096,256.6250,5,47.1883,816,1
1676,31.9919,32.0430,4096,256.6250,5,47.1883,816,1
1677,31.9919,32.0430,4096,256.6250,5,47.1883,816,1
1678,31.9919,32.0430,4096,256.6250,5,47.1883,816,1
1679,31.9919,32.0430,4096,256.6250,5,47.1883,816,1
1680,31.9919,32.0430,4096,256.6250,5,47.1883,816,1
1681,31.9919,32.0430,4096,256.6250,5,47.1883,817,1
1682,31.9919,32.0430,4096,256.6250,5,47.1883,817,1
1683,31.9919,32.0430,4096,256.6250,5,47.1883,817,1
1684,31.9919,32.0430,4096,256.6250,5,47.1883,817,1
1685,31.9919,32.0430,4096,256.6250,5,47.1883,818,1
1686,31.9919,32.0430,4096,256.6250,5,47.1883,819,1
1687,31.9919,32.0430,4096,256.6250,5,47.1883,820,1
1688,31.9919,32.0430,4096,256.6250,5,47.1883,821,1
1689,31.9919,32.0430,4096,256.6250,5,47.1883,822,1
1690,31.9919,32.0430,4096,256.6250,5,47.1883,823,1
1691,31.9919,32.0430,4096,256.6250,5,47.1883,824,1
1692,31.9919,32.0430,4096,256.6250,5,47.1883,824,1
1693,31.9919,32.0430,4096,256.6250,5,47.1883,824,1
1694,31.9919,32.0430,4096,256.6250,5,47.1883,824,1
1695,31.9919,32.0430,4096,256.6250,5,47.1883,824,1
1696,31.9919,32.0430,4096,256.6250,5,47.1883,824,1
1697,31.9919,32.0430,4096,256.6250,5,47.1883,824,1
1698,31.9919,32.0430,4096,256.6250,5,47.1883,824,1
1699,31.9919,32.0430,4096,256.6250,5,47.1883,824,1
1700,31.9919,32.0430,4096,256.6250,5,47.1883,825,1
1701,31.9919,32.0430,4096,256.6250,5,47.1883,825,1
1702,31.9919,32.0430,4096,256.6250,5,47.1883,825,1
1703,31.9919,32.0430,4096,256.6250,5,47.1883,825,1
1704,31.9919,32.0430,4096,256.6250,5,47.1883,826,1
1705,31.9919,32.0430,4096,256.6250,5,47.1883,826,1
1706,31.9919,32.0430,4096,256.6250,5,47.1883,827,1
1707,31.9919,32.0430,4096,256.6250,5,47.1883,827,1
1708,31.9919,32.0430,4096,256.6250,5,47.1883,827,1
1709,31.9919,32.0430,4096,256.6250,5,47.1883,827,1
1710,31.9919,32.0430,4096,256.6250,5,47.1883,827,1
1711,31.9919,32.0430,4096,256.6250,5,47.1883,827,1
1712,31.9919,32.0430,4096,256.6250,5,47.1883,827,1
1713,31.9919,32.0430,4096,256.6250,5,47.1883,828,1
1714,31.9919,32.0430,4096,256.6250,5,47.1883,828,1
1715,31.9919,32.0430,4096,256.6250,5,47.1883,829,1
1716,31.9919,32.0430,4096,256.6250,5,47.1883,829,1
1717,31.9919,32.0430,4096,256.6250,5,47.1883,830,1
1718,31.9919,32.0430,4096,256.6250,5,47.1883,830,1
1719,31.9919,32.0430,4096,256.6250,5,47.1883,830,1
1720,31.9919,32.0430,4096,256.6250,5,47.1883,831,1
1721,31.9919,32.0430,4096,256.6250,5,47.1883,832,1
1722,31.9919,32.0430,4096,256.6250,5,47.1883,833,1
1723,31.9919,32.0430,4096,256.6250,5,47.1883,833,1
1724,31.9919,32.0430,4096,256.6250,5,47.1883,834,1
1725,31.9919,32.0430,4096,256.6250,5,47.1883,834,1
1726,31.9919,32.0430,4096,256.6250,5,47.1883,834,1
1727,31.9919,32.0430,4096,256.6250,5,47.1883,835,1
1728,31.9919,32.0430,4096,256.6250,5,47.1883,836,1
1729,31.9919,32.0430,4096,256.6250,5,47.1883,836,1
1730,31.9919,32.0430,4096,256.6250,5,47.1883,836,1
1731,31.9919,32.0430,4096,256.6250,5,47.1883,837,1
1732,31.9919,32.0430,4096,256.6250,5,47.1883,837,1
1733,31.9919,32.0430,4096,256.6250,5,47.1883,837,1
1734,31.9919,32.0430,4096,256.6250,5,47.1883,837,1
1735,31.9919,32.0430,4096,256.6250,5,47.1883,837,1
1736,31.9919,32.0430,4096,256.6250,5,47.1883,837,1
1737,31.9919,32.0430,4096,256.6250,5,47.1883,838,1
1738,31.9919,32.0430,4096,256.6250,5,47.1883,838,1
1739,31.9919,32.0430,4096,256.6250,5,47.1883,838,1
1740,31.9919,32.0430,4096,256.6250,5,47.1883,839,1
1741,31.9919,32.0430,4096,256.6250,5,47.1883,839,1
1742,31.9919,32.0430,4096,256.6250,5,47.1883,839,1
1743,31.9919,32.0430,4096,256.6250,5,47.1883,839,1
1744,31.9919,32.0430,4096,256.6250,5,47.1883,839,1
1745,31.9919,32.0430,4096,256.6250,5,47.1883,839,1
1746,31.9919,32.0430,4096,256.6250,5,47.1883,839,1
1747,31.9919,32.0430,4096,256.6250,5,47.1883,840,1
1748,31.9919,32.0430,4096,256.6250,5,47.1883,840,1
1749,31.9919,32.0430,4096,256.6250,5,47.1883,841,1
1750,31.9919,32.0430,4096,256.6250,5,47.1883,841,1
1751,31.9919,32.0430,4096,256.6250,5,47.1883,841,1
1752,31.9919,32.0430,4096,256.6250,5,47.1883,842,1
1753,31.9919,32.0430,4096,256.6250,5,47.1883,843,1
1754,31.9919,32.0430,4096,256.6250,5,47.1883,843,1
1755,31.9919,32.0430,4096,256.6250,5,47.1883,843,1
1756,31.9919,32.0430,4096,256.6250,5,47.1883,843,1
1757,31.9919,32.0430,4096,256.6250,5,47.1883,844,1
1758,31.9919,32.0430,4096,256.6250,5,47.1883,845,1
1759,31.9919,32.0430,4096,256.6250,5,47.1883,846,1
1760,31.9919,32.0430,4096,256.6250,5,47.1883,846,1
1761,31.9919,32.0430,4096,256.6250,5,47.1883,846,1
1762,31.9919,32.0430,4096,256.6250,5,47.1883,846,1
1763,31.9919,32.0430,4096,256.6250,5,47.1883,846,1
1764,31.9919,32.0430,4096,256.6250,5,47.1883,846,1
1765,31.9919,32.0430,4096,256.6250,5,47.1883,846,1
1766,31.9919,32.0430,4096,256.6250,5,47.1883,846,1
1767,31.9919,32.0430,4096,256.6250,5,47.1883,846,1
1768,31.9919,32.0430,4096,256.6250,5,47.1883,846,1
1769,31.9919,32.0430,4096,256.6250,5,47.1883,847,1
1770,31.9919,32.0430,4096,256.6250,5,47.1883,847,1
1771,31.9919,32.0430,4096,256.6250,5,47.1883,847,1
1772,31.9919,32.0430,4096,256.6250,5,47.1883,847,1
1773,31.9919,32.0430,4096,256.6250,5,47.1883,847,1
1774,31.9919,32.0430,4096,256.6250,5,47.1883,847,1
1775,31.9919,32.0430,4096,256.6250,5,47.1883,847,1
1776,31.9919,32.0430,4096,256.6250,5,47.1883,847,1
1777,31.9919,32.0430,4096,256.6250,5,47.1883,847,1
1778,31.9919,32.0430,4096,256.6250,5,47.1883,848,1
1779,31.9919,32.0430,4096,256.6250,5,47.1883,849,1
1780,31.9919,32.0430,4096,256.6250,5,47.1883,849,1
1781,31.9919,32.0430,4096,256.6250,5,47.1883,850,1
1782,31.9919,32.0430,4096,256.6250,5,47.1883,851,1
1783,31.9919,32.0430,4096,256.6250,5,47.1883,852,1
1784,31.9919,32.0430,4096,256.6250,5,47.1883,853,1
1785,31.9919,32.0430,4096,256.6250,5,47.1883,853,1
1786,31.9919,32.0430,4096,256.6250,5,47.1883,853,1
1787,31.9919,32.0430,4096,256.6250,5,47.1883,853,1
1788,31.9919,32.0430,4096,256.6250,5,47.1883,853,1
1789,31.9919,32.0430,4096,256.6250,5,47.1883,854,1
1790,31.9919,32.0430,4096,256.6250,5,47.1883,854,1
1791,31.9919,32.0430,4096,256.6250,5,47.1883,855,1
1792,31.9919,32.0430,4096,256.6250,5,47.1883,855,1
1793,31.9919,32.0430,4096,256.6250,5,47.1883,855,1
1794,31.9919,32.0430,4096,256.6250,5,47.1883,855,1
1795,31.9919,32.0430,4096,256.6250,5,47.1883,855,1
1796,31.9919,32.0430,4096,256.6250,5,47.1883,856,1
1797,31.9919,32.0430,4096,256.6250,5,47.1883,856,1
1798,31.9919,32.0430,4096,256.6250,5,47.1883,857,1
1799,31.9919,32.0430,4096,256.6250,5,47.1883,857,1
1800,31.9919,32.0430,4096,256.6250,5,47.1883,858,1
1801,31.9919,32.0430,4096,256.6250,5,47.1883,859,1
1802,31.9919,32.0430,4096,256.6250,5,47.1883,860,1
1803,31.9919,32.0430,4096,256.6250,5,47.1883,861,1
1804,31.9919,32.0430,4096,256.6250,5,47.1883,862,1
1805,31.9919,32.0430,4096,256.6250,5,47.1883,863,1
1806,31.9919,32.0430,4096,256.6250,5,47.1883,863,1
1807,31.9919,32.0430,4096,256.6250,5,47.1883,863,1
1808,31.9919,32.0430,4096,256.6250,5,47.1883,863,1
1809,31.9919,32.0430,4096,256.6250,5,47.1883,863,1
1810,31.9919,32.0430,4096,256.6250,5,47.1883,863,1
1811,31.9919,32.0430,4096,256.6250,5,47.1883,864,1
1812,31.9919,32.0430,4096,256.6250,5,47.1883,865,1
1813,31.9919,32.0430,4096,256.6250,5,47.1883,865,1
1814,31.9919,32.0430,4096,256.6250,5,47.1883,865,1
1815,31.9919,32.0430,4096,256.6250,5,47.1883,865,1
1816,31.9919,32.0430,4096,256.6250,5,47.1883,865,1
1817,31.9919,32.0430,4096,256.6250,5,47.1883,866,1
1818,31.9919,32.0430,4096,256.6250,5,47.1883,866,1
1819,31.9919,32.0430,4096,256.6250,5,47.1883,866,1
1820,31.9919,32.0430,4096,256.6250,5,47.1883,867,1
1821,31.9919,32.0430,4096,256.6250,5,47.1883,867,1
1822,31.9919,32.0430,4096,256.6250,5,47.1883,867,1
1823,31.9919,32.0430,4096,256.6250,5,47.1883,867,1
1824,31.9919,32.0430,4096,256.6250,5,47.1883,867,1
1825,31.9919,32.0430,4096,256.6250,5,47.1883,867,1
1826,31.9919,32.0430,4096,256.6250,5,47.1883,868,1
1827,31.9919,32.0430,4096,256.6250,5,47.1883,869,1
1828,31.9919,32.0430,4096,256.6250,5,47.1883,870,1
1829,31.9919,32.0430,4096,256.6250,5,47.1883,870,1
1830,31.9919,32.0430,4096,256.6250,5,47.1883,871,1
1831,31.9919,32.0430,4096,256.6250,5,47.1883,871,1
1832,31.9919,32.0430,4096,256.6250,5,47.1883,871,1
1833,31.9919,32.0430,4096,256.6250,5,47.1883,871,1
1834,31.9919,32.0430,4096,256.6250,5,47.1883,871,1
1835,31.9919,32.0430,4096,256.6250,5,47.1883,872,1
1836,31.9919,32.0430,4096,256.6250,5,47.1883,873,1
1837,31.9919,32.0430,4096,256.6250,5,47.1883,873,1
1838,31.9919,32.0430,4096,256.6250,5,47.1883,873,1
1839,31.9919,32.0430,4096,256.6250,5,47.1883,873,1
1840,31.9919,32.0430,4096,256.6250,5,47.1883,873,1
1841,31.9919,32.0430,4096,256.6250,5,47.1883,873,1
1842,31.9919,32.0430,4096,256.6250,5,47.1883,873,1
1843,31.9919,32.0430,4096,256.6250,5,47.1883,873,1
1844,31.9919,32.0430,4096,256.6250,5,47.1883,873,1
1845,31.9919,32.0430,4096,256.6250,5,47.1883,873,1
1846,31.9919,32.0430,4096,256.6250,5,47.1883,873,1
1847,31.9919,32.0430,4096,256.6250,5,47.1883,873,1
1848,31.9919,32.0430,4096,256.6250,5,47.1883,873,1
1849,31.9919,32.0430,4096,256.6250,5,47.1883,873,1
1850,31.9919,32.0430,4096,256.6250,5,47.1883,873,1
1851,31.9919,32.0430,4096,256.6250,5,47.1883,874,1
1852,31.9919,32.0430,4096,256.6250,5,47.1883,874,1
1853,31.9919,32.0430,4096,256.6250,5,47.1883,874,1
1854,31.9919,32.0430,4096,256.6250,5,47.1883,874,1
1855,31.9919,32.0430,4096,256.6250,5,47.1883,874,1
1856,31.9919,32.0430,4096,256.6250,5,47.1883,875,1
1857,31.9919,32.0430,4096,256.6250,5,47.1883,875,1
1858,31.9919,32.0430,4096,256.6250,5,47.1883,875,1
1859,31.9919,32.0430,4096,256.6250,5,47.1883,876,1
1860,31.9919,32.0430,4096,256.6250,5,47.1883,876,1
1861,31.9919,32.0430,4096,256.6250,5,47.1883,876,1
1862,31.9919,32.0430,4096,256.6250,5,47.1883,876,1
1863,31.9919,32.0430,4096,256.6250,5,47.1883,877,1
1864,31.9919,32.0430,4096,256.6250,5,47.1883,877,1
1865,31.9919,32.0430,4096,256.6250,5,47.1883,877,1
1866,31.9919,32.0430,4096,256.6250,5,47.1883,877,1
1867,31.9919,32.0430,4096,256.6250,5,47.1883,877,1
1868,31.9919,32.0430,4096,256.6250,5,47.1883,877,1
1869,31.9919,32.0430,4096,256.6250,5,47.1883,878,1
1870,31.9919,32.0430,4096,256.6250,5,47.1883,878,1
1871,31.9919,32.0430,4096,256.6250,5,47.1883,879,1
1872,31.9919,32.0430,4096,256.6250,5,47.1883,879,1
1873,31.9919,32.0430,4096,256.6250,5,47.1883,879,1
1874,31.9919,32.0430,4096,256.6250,5,47.1883,879,1
1875,31.9919,32.0430,4096,256.6250,5,47.1883,879,1
1876,31.9919,32.0430,4096,256.6250,5,47.1883,880,1
1877,31.9919,32.0430,4096,256.6250,5,47.1883,880,1
1878,31.9919,32.0430,4096,256.6250,5,47.1883,880,1
1879,31.9919,32.0430,4096,256.6250,5,47.1883,880,1
1880,31.9919,32.0430,4096,256.6250,5,47.1883,881,1
1881,31.9919,32.0430,4096,256.6250,5,47.1883,881,1
1882,31.9919,32.0430,4096,256.6250,5,47.1883,882,1
1883,31.9919,32.0430,4096,256.6250,5,47.1883,882,1
1884,31.9919,32.0430,4096,256.6250,5,47.1883,882,1
1885,31.9919,32.0430,4096,256.6250,5,47.1883,883,1
1886,31.9919,32.0430,4096,256.6250,5,47.1883,884,1
1887,31.9919,32.0430,4096,256.6250,5,47.1883,884,1
1888,31.9919,32.0430,4096,256.6250,5,47.1883,885,1
1889,31.9919,32.0430,4096,256.6250,5,47.1883,886,1
1890,31.9919,32.0430,4096,256.6250,5,47.1883,886,1
1891,31.9919,32.0430,4096,256.6250,5,47.1883,887,1
1892,31.9919,32.0430,4096,256.6250,5,47.1883,888,1
1893,31.9919,32.0430,4096,256.6250,5,47.1883,888,1
1894,31.9919,32.0430,4096,256.6250,5,47.1883,889,1
1895,31.9919,32.0430,4096,256.6250,5,47.1883,889,1
1896,31.9919,32.0430,4096,256.6250,5,47.1883,889,1
1897,31.9919,32.0430,4096,256.6250,5,47.1883,889,1
1898,31.9919,32.0430,4096,256.6250,5,47.1883,889,1
1899,31.9919,32.0430,4096,256.6250,5,47.1883,890,1
1900,31.9919,32.0430,4096,256.6250,5,47.1883,890,1
1901,31.9919,32.0430,4096,256.6250,5,47.1883,890,1
1902,31.9919,32.0430,4096,256.6250,5,47.1883,890,1
1903,31.9919,32.0430,4096,256.6250,5,47.1883,890,1
1904,31.9919,32.0430,4096,256.6250,5,47.1883,890,1
1905,31.9919,32.0430,4096,256.6250,5,47.1883,891,1
1906,31.9919,32.0430,4096,256.6250,5,47.1883,891,1
1907,31.9919,32.0430,4096,256.6250,5,47.1883,891,1
1908,31.9919,32.0430,4096,256.6250,5,47.1883,891,1
1909,31.9919,32.0430,4096,256.6250,5,47.1883,892,1
1910,31.9919,32.0430,4096,256.6250,5,47.1883,892,1
1911,31.9919,32.0430,4096,256.6250,5,47.1883,892,1
1912,31.9919,32.0430,4096,256.6250,5,47.1883,892,1
1913,31.9919,32.0430,4096,256.6250,5,47.1883,892,1
1914,31.9919,32.0430,4096,256.6250,5,47.1883,893,1
1915,31.9919,32.0430,4096,256.6250,5,47.1883,894,1
1916,31.9919,32.0430,4096,256.6250,5,47.1883,895,1
1917,31.9919,32.0430,4096,256.6250,5,47.1883,896,1
1918,31.9919,32.0430,4096,256.6250,5,47.1883,896,1
1919,31.9919,32.0430,4096,256.6250,5,47.1883,896,1
1920,31.9919,32.0430,4096,256.6250,5,47.1883,896,1
1921,31.9919,32.0430,4096,256.6250,5,47.1883,896,1
1922,31.9919,32.0430,4096,256.6250,5,47.1883,896,1
1923,31.9919,32.0430,4096,256.6250,5,47.1883,896,1
1924,31.9919,32.0430,4096,256.6250,5,47.1883,896,1
1925,31.9919,32.0430,4096,256.6250,5,47.1883,896,1
1926,31.9919,32.0430,4096,256.6250,5,47.1883,896,1
1927,31.9919,32.0430,4096,256.6250,5,47.1883,896,1
1928,31.9919,32.0430,4096,256.6250,5,47.1883,896,1
1929,31.9919,32.0430,4096,256.6250,5,47.1883,897,1
1930,31.9919,32.0430,4096,256.6250,5,47.1883,897,1
1931,31.9919,32.0430,4096,256.6250,5,47.1883,897,1
1932,31.9919,32.0430,4096,256.6250,5,47.1883,897,1
1933,31.9919,32.0430,4096,256.6250,5,47.1883,898,1
1934,31.9919,32.0430,4096,256.6250,5,47.1883,898,1
1935,31.9919,32.0430,4096,256.6250,5,47.1883,898,1
1936,31.9919,32.0430,4096,256.6250,5,47.1883,898,1
1937,31.9919,32.0430,4096,256.6250,5,47.1883,899,1
1938,31.9919,32.0430,4096,256.6250,5,47.1883,899,1
1939,31.9919,32.0430,4096,256.6250,5,47.1883,899,1
1940,31.9919,32.0430,4096,256.6250,5,47.1883,899,1
1941,31.9919,32.0430,4096,256.6250,5,47.1883,900,1
1942,31.9919,32.0430,4096,256.6250,5,47.1883,901,1
1943,31.9919,32.0430,4096,256.6250,5,47.1883,902,1
1944,31.9919,32.0430,4096,256.6250,5,47.1883,902,1
1945,31.9919,32.0430,4096,256.6250,5,47.1883,903,1
1946,31.9919,32.0430,4096,256.6250,5,47.1883,903,1
1947,31.9919,32.0430,4096,256.6250,5,47.1883,904,1
1948,31.9919,32.0430,4096,256.6250,5,47.1883,904,1
1949,31.9919,32.0430,4096,256.6250,5,47.1883,905,1
1950,31.9919,32.0430,4096,256.6250,5,47.1883,905,1
1951,31.9919,32.0430,4096,256.6250,5,47.1883,905,1
1952,31.9919,32.0430,4096,256.6250,5,47.1883,906,1
1953,31.9919,32.0430,4096,256.6250,5,47.1883,906,1
1954,31.9919,32.0430,4096,256.6250,5,47.1883,907,1
1955,31.9919,32.0430,4096,256.6250,5,47.1883,907,1
1956,31.9919,32.0430,4096,256.6250,5,47.1883,907,1
1957,31.9919,32.0430,4096,256.6250,5,47.1883,907,1
1958,31.9919,32.0430,4096,256.6250,5,47.1883,908,1
1959,31.9919,32.0430,4096,256.6250,5,47.1883,908,1
1960,31.9919,32.0430,4096,256.6250,5,47.1883,908,1
1961,31.9919,32.0430,4096,256.6250,5,47.1883,909,1
1962,31.9919,32.0430,4096,256.6250,5,47.1883,909,1
1963,31.9919,32.0430,4096,256.6250,5,47.1883,909,1
1964,31.9919,32.0430,4096,256.6250,5,47.1883,909,1
1965,31.9919,32.0430,4096,256.6250,5,47.1883,909,1
1966,31.9919,32.0430,4096,256.6250,5,47.1883,909,1
1967,31.9919,32.0430,4096,256.6250,5,47.1883,909,1
1968,31.9919,32.0430,4096,256.6250,5,47.1883,910,1
1969,31.9919,32.0430,4096,256.6250,5,47.1883,910,1
1970,31.9919,32.0430,4096,256.6250,5,47.1883,910,1
1971,31.9919,32.0430,4096,256.6250,5,47.1883,910,1
1972,31.9919,32.0430,4096,256.6250,5,47.1883,911,1
1973,31.9919,32.0430,4096,256.6250,5,47.1883,912,1
1974,31.9919,32.0430,4096,256.6250,5,47.1883,913,1
1975,31.9919,32.0430,4096,256.6250,5,47.1883,913,1
1976,31.9919,32.0430,4096,256.6250,5,47.1883,913,1
1977,31.9919,32.0430,4096,256.6250,5,47.1883,913,1
1978,31.9919,32.0430,4096,256.6250,5,47.1883,913,1
1979,31.9919,32.0430,4096,256.6250,5,47.1883,913,1
1980,31.9919,32.0430,4096,256.6250,5,47.1883,914,1
1981,31.9919,32.0430,4096,256.6250,5,47.1883,914,1
1982,31.9919,32.0430,4096,256.6250,5,47.1883,914,1
1983,31.9919,32.0430,4096,256.6250,5,47.1883,914,1
1984,31.9919,32.0430,4096,256.6250,5,47.1883,914,1
1985,31.9919,32.0430,4096,256.6250,5,47.1883,914,1
1986,31.9919,32.0430,4096,256.6250,5,47.1883,914,1
1987,31.9919,32.0430,4096,256.6250,5,47.1883,915,1
1988,31.9919,32.0430,4096,256.6250,5,47.1883,915,1
1989,31.9919,32.0430,4096,256.6250,5,47.1883,915,1
1990,31.9919,32.0430,4096,256.6250,5,47.1883,915,1
1991,31.9919,32.0430,4096,256.6250,5,47.1883,915,1
1992,31.9919,32.0430,4096,256.6250,5,47.1883,916,1
1993,31.9919,32.0430,4096,256.6250,5,47.1883,916,1
1994,31.9919,32.0430,4096,256.6250,5,47.1883,916,1
1995,31.9919,32.0430,4096,256.6250,5,47.1883,917,1
1996,31.9919,32.0430,4096,256.6250,5,47.1883,918,1
1997,31.9919,32.0430,4096,256.6250,5,47.1883,918,1
1998,31.9919,32.0430,4096,256.6250,5,47.1883,918,1
1999,31.9919,32.0430,4096,256.6250,5,47.1883,918,1
2000,31.9919,32.0430,4096,256.6250,5,47.1883,918,1
2001,31.9919,32.0430,4096,256.6250,5,47.1883,919,1
2002,31.9919,32.0430,4096,256.6250,5,47.1883,919,1
2003,31.9919,32.0430,4096,256.6250,5,47.1883,920,1
2004,31.9919,32.0430,4096,256.6250,5,47.1883,920,1
2005,31.9919,32.0430,4096,256.6250,5,47.1883,921,1
2006,31.9919,32.0430,4096,256.6250,5,47.1883,922,1
2007,31.9919,32.0430,4096,256.6250,5,47.1883,922,1
2008,31.9919,32.0430,4096,256.6250,5,47.1883,922,1
2009,31.9919,32.0430,4096,256.6250,5,47.1883,922,1
2010,31.9919,32.0430,4096,256.6250,5,47.1883,922,1
2011,31.9919,32.0430,4096,256.6250,5,47.1883,922,1
2012,31.9919,32.0430,4096,256.6250,5,47.1883,922,1
2013,31.9919,32.0430,4096,256.6250,5,47.1883,923,1
2014,31.9919,32.0430,4096,256.6250,5,47.1883,923,1
2015,31.9919,32.0430,4096,256.6250,5,47.1883,923,1
2016,31.9919,32.0430,4096,256.6250,5,47.1883,923,1
2017,31.9919,32.0430,4096,256.6250,5,47.1883,923,1
2018,31.9919,32.0430,4096,256.6250,5,47.1883,923,1
2019,31.9919,32.0430,4096,256.6250,5,47.1883,923,1
2020,31.9919,32.0430,4096,256.6250,5,47.1883,923,1
2021,31.9919,32.0430,4096,256.6250,5,47.1883,923,1
2022,31.9919,32.0430,4096,256.6250,5,47.1883,924,1
2023,31.9919,32.0430,4096,256.6250,5,47.1883,925,1
2024,31.9919,32.0430,4096,256.6250,5,47.1883,925,1
2025,31.9919,32.0430,4096,256.6250,5,47.1883,925,1
2026,31.9919,32.0430,4096,256.6250,5,47.1883,925,1
2027,31.9919,32.0430,4096,256.6250,5,47.1883,925,1
2028,31.9919,32.0430,4096,256.6250,5,47.1883,925,1
2029,31.9919,32.0430,4096,256.6250,5,47.1883,925,1
2030,31.9919,32.0430,4096,256.6250,5,47.1883,925,1
2031,31.9919,32.0430,4096,256.6250,5,47.1883,926,1
2032,31.9919,32.0430,4096,256.6250,5,47.1883,926,1
2033,31.9919,32.0430,4096,256.6250,5,47.1883,926,1
2034,31.9919,32.0430,4096,256.6250,5,47.1883,927,1
2035,31.9919,32.0430,4096,256.6250,5,47.1883,928,1
2036,31.9919,32.0430,4096,256.6250,5,47.1883,928,1
2037,31.9919,32.0430,4096,256.6250,5,47.1883,929,1
2038,31.9919,32.0430,4096,256.6250,5,47.1883,929,1
2039,31.9919,32.0430,4096,256.6250,5,47.1883,929,1
2040,31.9919,32.0430,4096,256.6250,5,47.1883,930,1
2041,31.9919,32.0430,4096,256.6250,5,47.1883,930,1
2042,31.9919,32.0430,4096,256.6250,5,47.1883,930,1
2043,31.9919,32.0430,4096,256.6250,5,47.1883,931,1
2044,31.9919,32.0430,4096,256.6250,5,47.1883,931,1
2045,31.9919,32.0430,4096,256.6250,5,47.1883,932,1
2046,31.9919,32.0430,4096,256.6250,5,47.1883,932,1
2047,31.9919,32.0430,4096,256.6250,5,47.1883,932,1
2048,31.9919,32.0430,4096,256.6250,5,47.1883,932,1
2049,31.9919,32.0430,4096,256.6250,5,47.1883,932,1
2050,31.9919,32.0430,4096,256.6250,5,47.1883,932,1
2051,31.9919,32.0430,4096,256.6250,5,47.1883,933,1
2052,31.9919,32.0430,4096,256.6250,5,47.1883,933,1
2053,31.9919,32.0430,4096,256.6250,5,47.1883,933,1
2054,31.9919,32.0430,4096,256.6250,5,47.1883,933,1
2055,31.9919,32.0430,4096,256.6250,5,47.1883,933,1
2056,31.9919,32.0430,4096,256.6250,5,47.1883,933,1
2057,31.9919,32.0430,4096,256.6250,5,47.1883,933,1
2058,31.9919,32.0430,4096,256.6250,5,47.1883,933,1
2059,31.9919,32.0430,4096,256.6250,5,47.1883,933,1
2060,31.9919,32.0430,4096,256.6250,5,47.1883,934,1
2061,31.9919,32.0430,4096,256.6250,5,47.1883,934,1
2062,31.9919,32.0430,4096,256.6250,5,47.1883,934,1
2063,31.9919,32.0430,4096,256.6250,5,47.1883,934,1
2064,31.9919,32.0430,4096,256.6250,5,47.1883,935,1
2065,31.9919,32.0430,4096,256.6250,5,47.1883,935,1
2066,31.9919,32.0430,4096,256.6250,5,47.1883,936,1
2067,31.9919,32.0430,4096,256.6250,5,47.1883,936,1
2068,31.9919,32.0430,4096,256.6250,5,47.1883,936,1
2069,31.9919,32.0430,4096,256.6250,5,47.1883,936,1
2070,31.9919,32.0430,4096,256.6250,5,47.1883,936,1
2071,31.9919,32.0430,4096,256.6250,5,47.1883,936,1
2072,31.9919,32.0430,4096,256.6250,5,47.1883,936,1
2073,31.9919,32.0430,4096,256.6250,5,47.1883,937,1
2074,31.9919,32.0430,4096,256.6250,5,47.1883,937,1
2075,31.9919,32.0430,4096,256.6250,5,47.1883,937,1
2076,31.9919,32.0430,4096,256.6250,5,47.1883,938,1
2077,31.9919,32.0430,4096,256.6250,5,47.1883,938,1
2078,31.9919,32.0430,4096,256.6250,5,47.1883,938,1
2079,31.9919,32.0430,4096,256.6250,5,47.1883,938,1
2080,31.9919,32.0430,4096,256.6250,5,47.1883,938,1
2081,31.9919,32.0430,4096,256.6250,5,47.1883,938,1
2082,31.9919,32.0430,4096,256.6250,5,47.1883,938,1
2083,31.9919,32.0430,4096,256.6250,5,47.1883,938,1
2084,31.9919,32.0430,4096,256.6250,5,47.1883,938,1
2085,31.9919,32.0430,4096,256.6250,5,47.1883,938,1
2086,31.9919,32.0430,4096,256.6250,5,47.1883,938,1
2087,31.9919,32.0430,4096,256.6250,5,47.1883,938,1
2088,31.9919,32.0430,4096,256.6250,5,47.1883,939,1
2089,31.9919,32.0430,4096,256.6250,5,47.1883,940,1
2090,31.9919,32.0430,4096,256.6250,5,47.1883,940,1
2091,31.9919,32.0430,4096,256.6250,5,47.1883,941,1
2092,31.9919,32.0430,4096,256.6250,5,47.1883,941,1
2093,31.9919,32.0430,4096,256.6250,5,47.1883,942,1
2094,31.9919,32.0430,4096,256.6250,5,47.1883,942,1
2095,31.9919,32.0430,4096,256.6250,5,47.1883,942,1
2096,31.9919,32.0430,4096,256.6250,5,47.1883,942,1
2097,31.9919,32.0430,4096,256.6250,5,47.1883,942,1
2098,31.9919,32.0430,4096,256.6250,5,47.1883,942,1
2099,31.9919,32.0430,4096,256.6250,5,47.1883,943,1
2100,31.9919,32.0430,4096,256.6250,5,47.1883,944,1
2101,31.9919,32.0430,4096,256.6250,5,47.1883,944,1
2102,31.9919,32.0430,4096,256.6250,5,47.1883,944,1
2103,31.9919,32.0430,4096,256.6250,5,47.1883,944,1
2104,31.9919,32.0430,4096,256.6250,5,47.1883,944,1
2105,31.9919,32.0430,4096,256.6250,5,47.1883,945,1
2106,31.9919,32.0430,4096,256.6250,5,47.1883,946,1
2107,31.9919,32.0430,4096,256.6250,5,47.1883,947,1
2108,31.9919,32.0430,4096,256.6250,5,47.1883,947,1
2109,31.9919,32.0430,4096,256.6250,5,47.1883,948,1
2110,31.9919,32.0430,4096,256.6250,5,47.1883,948,1
2111,31.9919,32.0430,4096,256.6250,5,47.1883,948,1
2112,31.9919,32.0430,4096,256.6250,5,47.1883,948,1
2113,31.9919,32.0430,4096,256.6250,5,47.1883,949,1
2114,31.9919,32.0430,4096,256.6250,5,47.1883,949,1
2115,31.9919,32.0430,4096,256.6250,5,47.1883,950,1
2116,31.9919,32.0430,4096,256.6250,5,47.1883,950,1
2117,31.9919,32.0430,4096,256.6250,5,47.1883,950,1
2118,31.9919,32.0430,4096,256.6250,5,47.1883,951,1
2119,31.9919,32.0430,4096,256.6250,5,47.1883,951,1
2120,31.9919,32.0430,4096,256.6250,5,47.1883,951,1
2121,31.9919,32.0430,4096,256.6250,5,47.1883,952,1
2122,31.9919,32.0430,4096,256.6250,5,47.1883,953,1
2123,31.9919,32.0430,4096,256.6250,5,47.1883,954,1
2124,31.9919,32.0430,4096,256.6250,5,47.1883,954,1
2125,31.9919,32.0430,4096,256.6250,5,47.1883,954,1
2126,31.9919,32.0430,4096,256.6250,5,47.1883,954,1
2127,31.9919,32.0430,4096,256.6250,5,47.1883,955,1
2128,31.9919,32.0430,4096,256.6250,5,47.1883,956,1
2129,31.9919,32.0430,4096,256.6250,5,47.1883,957,1
2130,31.9919,32.0430,4096,256.6250,5,47.1883,957,1
2131,31.9919,32.0430,4096,256.6250,5,47.1883,957,1
2132,31.9919,32.0430,4096,256.6250,5,47.1883,958,1
2133,31.9919,32.0430,4096,256.6250,5,47.1883,958,1
2134,31.9919,32.0430,4096,256.6250,5,47.1883,958,1
2135,31.9919,32.0430,4096,256.6250,5,47.1883,958,1
2136,31.9919,32.0430,4096,256.6250,5,47.1883,958,1
2137,31.9919,32.0430,4096,256.6250,5,47.1883,958,1
2138,31.9919,32.0430,4096,256.6250,5,47.1883,958,1
2139,31.9919,32.0430,4096,256.6250,5,47.1883,958,1
2140,31.9919,32.0430,4096,256.6250,5,47.1883,959,1
2141,31.9919,32.0430,4096,256.6250,5,47.1883,959,1
2142,31.9919,32.0430,4096,256.6250,5,47.1883,959,1
2143,31.9919,32.0430,4096,256.6250,5,47.1883,959,1
2144,31.9919,32.0430,4096,256.6250,5,47.1883,959,1
2145,31.9919,32.0430,4096,256.6250,5,47.1883,960,1
2146,31.9919,32.0430,4096,256.6250,5,47.1883,960,1
2147,31.9919,32.0430,4096,256.6250,5,47.1883,960,1
2148,31.9919,32.0430,4096,256.6250,5,47.1883,960,1
2149,31.9919,32.0430,4096,256.6250,5,47.1883,960,1
2150,31.9919,32.0430,4096,256.6250,5,47.1883,961,1
2151,31.9919,32.0430,4096,256.6250,5,47.1883,961,1
2152,31.9919,32.0430,4096,256.6250,5,47.1883,962,1
2153,31.9919,32.0430,4096,256.6250,5,47.1883,962,1
2154,31.9919,32.0430,4096,256.6250,5,47.1883,963,1
2155,31.9919,32.0430,4096,256.6250,5,47.1883,963,1
2156,31.9919,32.0430,4096,256.6250,5,47.1883,963,1
2157,31.9919,32.0430,4096,256.6250,5,47.1883,963,1
2158,31.9919,32.0430,4096,256.6250,5,47.1883,963,1
2159,31.9919,32.0430,4096,256.6250,5,47.1883,963,1
2160,31.9919,32.0430,4096,256.6250,5,47.1883,964,1
2161,31.9919,32.0430,4096,256.6250,5,47.1883,964,1
2162,31.9919,32.0430,4096,256.6250,5,47.1883,964,1
2163,31.9919,32.0430,4096,256.6250,5,47.1883,964,1
2164,31.9919,32.0430,4096,256.6250,5,47.1883,964,1
2165,31.9919,32.0430,4096,256.6250,5,47.1883,964,1
2166,31.9919,32.0430,4096,256.6250,5,47.1883,964,1
2167,31.9919,32.0430,4096,256.6250,5,47.1883,965,1
2168,31.9919,32.0430,4096,256.6250,5,47.1883,965,1
2169,31.9919,32.0430,4096,256.6250,5,47.1883,965,1
2170,31.9919,32.0430,4096,256.6250,5,47.1883,966,1
2171,31.9919,32.0430,4096,256.6250,5,47.1883,966,1
2172,31.9919,32.0430,4096,256.6250,5,47.1883,967,1
2173,31.9919,32.0430,4096,256.6250,5,47.1883,967,1
2174,31.9919,32.0430,4096,256.6250,5,47.1883,968,1
2175,31.9919,32.0430,4096,256.6250,5,47.1883,968,1
2176,31.9919,32.0430,4096,256.6250,5,47.1883,969,1
2177,31.9919,32.0430,4096,256.6250,5,47.1883,969,1
2178,31.9919,32.0430,4096,256.6250,5,47.1883,970,1
2179,31.9919,32.0430,4096,256.6250,5,47.1883,970,1
2180,31.9919,32.0430,4096,256.6250,5,47.1883,970,1
2181,31.9919,32.0430,4096,256.6250,5,47.1883,970,1
2182,31.9919,32.0430,4096,256.6250,5,47.1883,970,1
2183,31.9919,32.0430,4096,256.6250,5,47.1883,970,1
2184,31.9919,32.0430,4096,256.6250,5,47.1883,970,1
2185,31.9919,32.0430,4096,256.6250,5,47.1883,971,1
2186,31.9919,32.0430,4096,256.6250,5,47.1883,971,1
2187,31.9919,32.0430,4096,256.6250,5,47.1883,971,1
2188,31.9919,32.0430,4096,256.6250,5,47.1883,971,1
2189,31.9919,32.0430,4096,256.6250,5,47.1883,971,1
2190,31.9919,32.0430,4096,256.6250,5,47.1883,971,1
2191,31.9919,32.0430,4096,256.6250,5,47.1883,971,1
2192,31.9919,32.0430,4096,256.6250,5,47.1883,972,1
2193,31.9919,32.0430,4096,256.6250,5,47.1883,973,1
2194,31.9919,32.0430,4096,256.6250,5,47.1883,974,1
2195,31.9919,32.0430,4096,256.6250,5,47.1883,975,1
2196,31.9919,32.0430,4096,256.6250,5,47.1883,975,1
2197,31.9919,32.0430,4096,256.6250,5,47.1883,976,1
2198,31.9919,32.0430,4096,256.6250,5,47.1883,976,1
2199,31.9919,32.0430,4096,256.6250,5,47.1883,976,1
2200,31.9919,32.0430,4096,256.6250,5,47.1883,976,1
2201,31.9919,32.0430,4096,256.6250,5,47.1883,976,1
2202,31.9919,32.0430,4096,256.6250,5,47.1883,976,1
2203,31.9919,32.0430,4096,256.6250,5,47.1883,976,1
2204,31.9919,32.0430,4096,256.6250,5,47.1883,976,1
2205,31.9919,32.0430,4096,256.6250,5,47.1883,976,1
2206,31.9919,32.0430,4096,256.6250,5,47.1883,976,1
2207,31.9919,32.0430,4096,256.6250,5,47.1883,976,1
2208,31.9919,32.0430,4096,256.6250,5,47.1883,976,1
2209,31.9919,32.0430,4096,256.6250,5,47.1883,977,1
2210,31.9919,32.0430,4096,256.6250,5,47.1883,977,1
2211,31.9919,32.0430,4096,256.6250,5,47.1883,978,1
2212,31.9919,32.0430,4096,256.6250,5,47.1883,978,1
2213,31.9919,32.0430,4096,256.6250,5,47.1883,978,1
2214,31.9919,32.0430,4096,256.6250,5,47.1883,978,1
2215,31.9919,32.0430,4096,256.6250,5,47.1883,978,1
2216,31.9919,32.0430,4096,256.6250,5,47.1883,978,1
2217,31.9919,32.0430,4096,256.6250,5,47.1883,978,1
2218,31.9919,32.0430,4096,256.6250,5,47.1883,978,1
2219,31.9919,32.0430,4096,256.6250,5,47.1883,978,1
2220,31.9919,32.0430,4096,256.6250,5,47.1883,978,1
2221,31.9919,32.0430,4096,256.6250,5,47.1883,979,1
2222,31.9919,32.0430,4096,256.6250,5,47.1883,980,1
2223,31.9919,32.0430,4096,256.6250,5,47.1883,980,1
2224,31.9919,32.0430,4096,256.6250,5,47.1883,980,1
2225,31.9919,32.0430,4096,256.6250,5,47.1883,980,1
2226,31.9919,32.0430,4096,256.6250,5,47.1883,980,1
2227,31.9919,32.0430,4096,256.6250,5,47.1883,981,1
2228,31.9919,32.0430,4096,256.6250,5,47.1883,981,1
2229,31.9919,32.0430,4096,256.6250,5,47.1883,982,1
2230,31.9919,32.0430,4096,256.6250,5,47.1883,982,1
2231,31.9919,32.0430,4096,256.6250,5,47.1883,982,1
2232,31.9919,32.0430,4096,256.6250,5,47.1883,982,1
2233,31.9919,32.0430,4096,256.6250,5,47.1883,982,1
2234,31.9919,32.0430,4096,256.6250,5,47.1883,982,1
2235,31.9919,32.0430,4096,256.6250,5,47.1883,982,1
2236,31.9919,32.0430,4096,256.6250,5,47.1883,982,1
2237,31.9919,32.0430,4096,256.6250,5,47.1883,982,1
2238,31.9919,32.0430,4096,256.6250,5,47.1883,982,1
2239,31.9919,32.0430,4096,256.6250,5,47.1883,983,1
2240,31.9919,32.0430,4096,256.6250,5,47.1883,983,1
2241,31.9919,32.0430,4096,256.6250,5,47.1883,984,1
2242,31.9919,32.0430,4096,256.6250,5,47.1883,984,1
2243,31.9919,32.0430,4096,256.6250,5,47.1883,985,1
2244,31.9919,32.0430,4096,256.6250,5,47.1883,985,1
2245,31.9919,32.0430,4096,256.6250,5,47.1883,985,1
2246,31.9919,32.0430,4096,256.6250,5,47.1883,986,1
2247,31.9919,32.0430,4096,256.6250,5,47.1883,986,1
2248,31.9919,32.0430,4096,256.6250,5,47.1883,986,1
2249,31.9919,32.0430,4096,256.6250,5,47.1883,986,1
2250,31.9919,32.0430,4096,256.6250,5,47.1883,986,1
2251,31.9919,32.0430,4096,256.6250,5,47.1883,986,1
2252,31.9919,32.0430,4096,256.6250,5,47.1883,986,1
2253,31.9919,32.0430,4096,256.6250,5,47.1883,987,1
2254,31.9919,32.0430,4096,256.6250,5,47.1883,987,1
2255,31.9919,32.0430,4096,256.6250,5,47.1883,988,1
2256,31.9919,32.0430,4096,256.6250,5,47.1883,988,1
2257,31.9919,32.0430,4096,256.6250,5,47.1883,988,1
2258,31.9919,32.0430,4096,256.6250,5,47.1883,988,1
2259,31.9919,32.0430,4096,256.6250,5,47.1883,988,1
2260,31.9919,32.0430,4096,256.6250,5,47.1883,988,1
2261,31.9919,32.0430,4096,256.6250,5,47.1883,988,1
2262,31.9919,32.0430,4096,256.6250,5,47.1883,988,1
2263,31.9919,32.0430,4096,256.6250,5,47.1883,988,1
2264,31.9919,32.0430,4096,256.6250,5,47.1883,988,1
2265,31.9919,32.0430,4096,256.6250,5,47.1883,989,1
2266,31.9919,32.0430,4096,256.6250,5,47.1883,990,1
2267,31.9919,32.0430,4096,256.6250,5,47.1883,990,1
2268,31.9919,32.0430,4096,256.6250,5,47.1883,990,1
2269,31.9919,32.0430,4096,256.6250,5,47.1883,990,1
2270,31.9919,32.0430,4096,256.6250,5,47.1883,990,1
2271,31.9919,32.0430,4096,256.6250,5,47.1883,991,1
2272,31.9919,32.0430,4096,256.6250,5,47.1883,992,1
2273,31.9919,32.0430,4096,256.6250,5,47.1883,992,1
2274,31.9919,32.0430,4096,256.6250,5,47.1883,992,1
2275,31.9919,32.0430,4096,256.6250,5,47.1883,992,1
2276,31.9919,32.0430,4096,256.6250,5,47.1883,993,1
2277,31.9919,32.0430,4096,256.6250,5,47.1883,993,1
2278,31.9919,32.0430,4096,256.6250,5,47.1883,993,1
2279,31.9919,32.0430,4096,256.6250,5,47.1883,993,1
2280,31.9919,32.0430,4096,256.6250,5,47.1883,993,1
2281,31.9919,32.0430,4096,256.6250,5,47.1883,993,1
2282,31.9919,32.0430,4096,256.6250,5,47.1883,994,1
2283,31.9919,32.0430,4096,256.6250,5,47.1883,995,1
2284,31.9919,32.0430,4096,256.6250,5,47.1883,996,1
2285,31.9919,32.0430,4096,256.6250,5,47.1883,996,1
2286,31.9919,32.0430,4096,256.6250,5,47.1883,996,1
2287,31.9919,32.0430,4096,256.6250,5,47.1883,996,1
2288,31.9919,32.0430,4096,256.6250,5,47.1883,996,1
2289,31.9919,32.0430,4096,256.6250,5,47.1883,996,1
2290,31.9919,32.0430,4096,256.6250,5,47.1883,996,1
2291,31.9919,32.0430,4096,256.6250,5,47.1883,996,1
2292,31.9919,32.0430,4096,256.6250,5,47.1883,996,1
2293,31.9919,32.0430,4096,256.6250,5,47.1883,996,1
2294,31.9919,32.0430,4096,256.6250,5,47.1883,996,1
2295,31.9919,32.0430,4096,256.6250,5,47.1883,996,1
2296,31.9919,32.0430,4096,256.6250,5,47.1883,996,1
2297,31.9919,32.0430,4096,256.6250,5,47.1883,996,1
2298,31.9919,32.0430,4096,256.6250,5,47.1883,997,1
2299,31.9919,32.0430,4096,256.6250,5,47.1883,997,1
2300,31.9919,32.0430,4096,256.6250,5,47.1883,997,1
2301,31.9919,32.0430,4096,256.6250,5,47.1883,998,1
2302,31.9919,32.0430,4096,256.6250,5,47.1883,998,1
2303,31.9919,32.0430,4096,256.6250,5,47.1883,998,1
2304,31.9919,32.0430,4096,256.6250,5,47.1883,999,1
2305,31.9919,32.0430,4096,256.6250,5,47.1883,999,1
2306,31.9919,32.0430,4096,256.6250,5,47.1883,999,1
2307,31.9919,32.0430,4096,256.6250,5,47.1883,1000,1
2308,31.9919,32.0430,4096,256.6250,5,47.1883,1001,1
2309,31.9919,32.0430,4096,256.6250,5,47.1883,1001,1
2310,31.9919,32.0430,4096,256.6250,5,47.1883,1001,1
2311,31.9919,32.0430,4096,256.6250,5,47.1883,1001,1
2312,31.9919,32.0430,4096,256.6250,5,47.1883,1001,1
2313,31.9919,32.0430,4096,256.6250,5,47.1883,1001,1
2314,31.9919,32.0430,4096,256.6250,5,47.1883,1001,1
2315,31.9919,32.0430,4096,256.6250,5,47.1883,1001,1
2316,31.9919,32.0430,4096,256.6250,5,47.1883,1001,1
2317,31.9919,32.0430,4096,256.6250,5,47.1883,1001,1
2318,31.9919,32.0430,4096,256.6250,5,47.1883,1001,1
2319,31.9919,32.0430,4096,256.6250,5,47.1883,1002,1
2320,31.9919,32.0430,4096,256.6250,5,47.1883,1002,1
2321,31.9919,32.0430,4096,256.6250,5,47.1883,1003,1
2322,31.9919,32.0430,4096,256.6250,5,47.1883,1003,1
2323,31.9919,32.0430,4096,256.6250,5,47.1883,1003,1
2324,31.9919,32.0430,4096,256.6250,5,47.1883,1003,1
2325,31.9919,32.0430,4096,256.6250,5,47.1883,1004,1
2326,31.9919,32.0430,4096,256.6250,5,47.1883,1004,1
2327,31.9919,32.0430,4096,256.6250,5,47.1883,1004,1
2328,31.9919,32.0430,4096,256.6250,5,47.1883,1004,1
2329,31.9919,32.0430,4096,256.6250,5,47.1883,1004,1
2330,31.9919,32.0430,4096,256.6250,5,47.1883,1004,1
2331,31.9919,32.0430,4096,256.6250,5,47.1883,1004,1
2332,31.9919,32.0430,4096,256.6250,5,47.1883,1004,1
2333,31.9919,32.0430,4096,256.6250,5,47.1883,1004,1
2334,31.9919,32.0430,4096,256.6250,5,47.1883,1004,1
2335,31.9919,32.0430,4096,256.6250,5,47.1883,1004,1
2336,31.9919,32.0430,4096,256.6250,5,47.1883,1005,1
2337,31.9919,32.0430,4096,256.6250,5,47.1883,1005,1
2338,31.9919,32.0430,4096,256.6250,5,47.1883,1005,1
2339,31.9919,32.0430,4096,256.6250,5,47.1883,1006,1
2340,31.9919,32.0430,4096,256.6250,5,47.1883,1006,1
2341,31.9919,32.0430,4096,256.6250,5,47.1883,1006,1
2342,31.9919,32.0430,4096,256.6250,5,47.1883,1007,1
2343,31.9919,32.0430,4096,256.6250,5,47.1883,1007,1
2344,31.9919,32.0430,4096,256.6250,5,47.1883,1007,1
2345,31.9919,32.0430,4096,256.6250,5,47.1883,1007,1
2346,31.9919,32.0430,4096,256.6250,5,47.1883,1007,1
2347,31.9919,32.0430,4096,256.6250,5,47.1883,1007,1
2348,31.9919,32.0430,4096,256.6250,5,47.1883,1007,1
2349,31.9919,32.0430,4096,256.6250,5,47.1883,1008,1
2350,31.9919,32.0430,4096,256.6250,5,47.1883,1008,1
2351,31.9919,32.0430,4096,256.6250,5,47.1883,1008,1
2352,31.9919,32.0430,4096,256.6250,5,47.1883,1009,1
2353,31.9919,32.0430,4096,256.6250,5,47.1883,1010,1
2354,31.9919,32.0430,4096,256.6250,5,47.1883,1010,1
2355,31.9919,32.0430,4096,256.6250,5,47.1883,1010,1
2356,31.9919,32.0430,4096,256.6250,5,47.1883,1011,1
2357,31.9919,32.0430,4096,256.6250,5,47.1883,1012,1
2358,31.9919,32.0430,4096,256.6250,5,47.1883,1012,1
2359,31.9919,32.0430,4096,256.6250,5,47.1883,1012,1
2360,31.9919,32.0430,4096,256.6250,5,47.1883,1012,1
2361,31.9919,32.0430,4096,256.6250,5,47.1883,1013,1
2362,31.9919,32.0430,4096,256.6250,5,47.1883,1013,1
2363,31.9919,32.0430,4096,256.6250,5,47.1883,1013,1
2364,31.9919,32.0430,4096,256.6250,5,47.1883,1013,1
2365,31.9919,32.0430,4096,256.6250,5,47.1883,1014,1
2366,31.9919,32.0430,4096,256.6250,5,47.1883,1015,1
2367,31.9919,32.0430,4096,256.6250,5,47.1883,1015,1
2368,31.9919,32.0430,4096,256.6250,5,47.1883,1015,1
2369,31.9919,32.0430,4096,256.6250,5,47.1883,1015,1
2370,31.9919,32.0430,4096,256.6250,5,47.1883,1016,1
2371,31.9919,32.0430,4096,256.6250,5,47.1883,1016,1
2372,31.9919,32.0430,4096,256.6250,5,47.1883,1017,1
2373,31.9919,32.0430,4096,256.6250,5,47.1883,1017,1
2374,31.9919,32.0430,4096,256.6250,5,47.1883,1018,1
2375,31.9919,32.0430,4096,256.6250,5,47.1883,1019,1
2376,31.9919,32.0430,4096,256.6250,5,47.1883,1019,1
2377,31.9919,32.0430,4096,256.6250,5,47.1883,1020,1
2378,31.9919,32.0430,4096,256.6250,5,47.1883,1020,1
2379,31.9919,32.0430,4096,256.6250,5,47.1883,1020,1
2380,31.9919,32.0430,4096,256.6250,5,47.1883,1020,1
2381,31.9919,32.0430,4096,256.6250,5,47.1883,1020,1
2382,31.9919,32.0430,4096,256.6250,5,47.1883,1020,1
2383,31.9919,32.0430,4096,256.6250,5,47.1883,1021,1
2384,31.9919,32.0430,4096,256.6250,5,47.1883,1021,1
2385,31.9919,32.0430,4096,256.6250,5,47.1883,1021,1
2386,31.9919,32.0430,4096,256.6250,5,47.1883,1021,1
2387,31.9919,32.0430,4096,256.6250,5,47.1883,1021,1
2388,31.9919,32.0430,4096,256.6250,5,47.1883,1021,1
2389,31.9919,32.0430,4096,256.6250,5,47.1883,1021,1
2390,31.9919,32.0430,4096,256.6250,5,47.1883,1021,1
2391,31.9919,32.0430,4096,256.6250,5,47.1883,1021,1
2392,31.9919,32.0430,4096,256.6250,5,47.1883,1022,1
2393,31.9919,32.0430,4096,256.6250,5,47.1883,1022,1
2394,31.9919,32.0430,4096,256.6250,5,47.1883,1022,1
2395,31.9919,32.0430,4096,256.6250,5,47.1883,1023,1
2396,31.9919,32.0430,4096,256.6250,5,47.1883,1023,1
2397,31.9919,32.0430,4096,256.6250,5,47.1883,1023,1
2398,31.9919,32.0430,4096,256.6250,5,47.1883,1024,1
2399,31.9919,32.0430,4096,256.6250,5,47.1883,1024,1
2400,31.9919,32.0430,4096,256.6250,5,47.1883,1025,1
2401,31.9919,32.0430,4096,256.6250,5,47.1883,1025,1
2402,31.9919,32.0430,4096,256.6250,5,47.1883,1025,1
2403,31.9919,32.0430,4096,256.6250,5,47.1883,1025,1
2404,31.9919,32.0430,4096,256.6250,5,47.1883,1025,1
2405,31.9919,32.0430,4096,256.6250,5,47.1883,1025,1
2406,31.9919,32.0430,4096,256.6250,5,47.1883,1026,1
2407,31.9919,32.0430,4096,256.6250,5,47.1883,1026,1
2408,31.9919,32.0430,4096,256.6250,5,47.1883,1027,1
2409,31.9919,32.0430,4096,256.6250,5,47.1883,1027,1
2410,31.9919,32.0430,4096,256.6250,5,47.1883,1027,1
2411,31.9919,32.0430,4096,256.6250,5,47.1883,1027,1
2412,31.9919,32.0430,4096,256.6250,5,47.1883,1028,1
2413,31.9919,32.0430,4096,256.6250,5,47.1883,1028,1
2414,31.9919,32.0430,4096,256.6250,5,47.1883,1028,1
2415,31.9919,32.0430,4096,256.6250,5,47.1883,1028,1
2416,31.9919,32.0430,4096,256.6250,5,47.1883,1028,1
2417,31.9919,32.0430,4096,256.6250,5,47.1883,1028,1
2418,31.9919,32.0430,4096,256.6250,5,47.1883,1029,1
2419,31.9919,32.0430,4096,256.6250,5,47.1883,1029,1
2420,31.9919,32.0430,4096,256.6250,5,47.1883,1029,1
2421,31.9919,32.0430,4096,256.6250,5,47.1883,1029,1
2422,31.9919,32.0430,4096,256.6250,5,47.1883,1029,1
2423,31.9919,32.0430,4096,256.6250,5,47.1883,1030,1
2424,31.9919,32.0430,4096,256.6250,5,47.1883,1030,1
2425,31.9919,32.0430,4096,256.6250,5,47.1883,1030,1
2426,31.9919,32.0430,4096,256.6250,5,47.1883,1030,1
2427,31.9919,32.0430,4096,256.6250,5,47.1883,1030,1
2428,31.9919,32.0430,4096,256.6250,5,47.1883,1030,1
2429,31.9919,32.0430,4096,256.6250,5,47.1883,1030,1
2430,31.9919,32.0430,4096,256.6250,5,47.1883,1030,1
2431,31.9919,32.0430,4096,256.6250,5,47.1883,1030,1
2432,31.9919,32.0430,4096,256.6250,5,47.1883,1030,1
2433,31.9919,32.0430,4096,256.6250,5,47.1883,1030,1
2434,31.9919,32.0430,4096,256.6250,5,47.1883,1030,1
2435,31.9919,32.0430,4096,256.6250,5,47.1883,1030,1
2436,31.9919,32.0430,4096,256.6250,5,47.1883,1030,1
2437,31.9919,32.0430,4096,256.6250,5,47.1883,1030,1
2438,31.9919,32.0430,4096,256.6250,5,47.1883,1030,1
2439,31.9919,32.0430,4096,256.6250,5,47.1883,1030,1
2440,31.9919,32.0430,4096,256.6250,5,47.1883,1030,1
2441,31.9919,32.0430,4096,256.6250,5,47.1883,1030,1
2442,31.9919,32.0430,4096,256.6250,5,47.1883,1030,1
2443,31.9919,32.0430,4096,256.6250,5,47.1883,1030,1
2444,31.9919,32.0430,4096,256.6250,5,47.1883,1030,1
2445,31.9919,32.0430,4096,256.6250,5,47.1883,1030,1
2446,31.9919,32.0430,4096,256.6250,5,47.1883,1030,1
2447,31.9919,32.0430,4096,256.6250,5,47.1883,1030,1
2448,31.9919,32.0430,4096,256.6250,5,47.1883,1030,1
2449,31.9919,32.0430,4096,256.6250,5,47.1883,1030,1
2450,31.9919,32.0430,4096,256.6250,5,47.1883,1031,1
2451,31.9919,32.0430,4096,256.6250,5,47.1883,1031,1
2452,31.9919,32.0430,4096,256.6250,5,47.1883,1031,1
2453,31.9919,32.0430,4096,256.6250,5,47.1883,1031,1
2454,31.9919,32.0430,4096,256.6250,5,47.1883,1031,1
2455,31.9919,32.0430,4096,256.6250,5,47.1883,1031,1
2456,31.9919,32.0430,4096,256.6250,5,47.1883,1031,1
2457,31.9919,32.0430,4096,256.6250,5,47.1883,1032,1
2458,31.9919,32.0430,4096,256.6250,5,47.1883,1033,1
2459,31.9919,32.0430,4096,256.6250,5,47.1883,1033,1
2460,31.9919,32.0430,4096,256.6250,5,47.1883,1033,1
2461,31.9919,32.0430,4096,256.6250,5,47.1883,1034,1
2462,31.9919,32.0430,4096,256.6250,5,47.1883,1034,1
2463,31.9919,32.0430,4096,256.6250,5,47.1883,1034,1
2464,31.9919,32.0430,4096,256.6250,5,47.1883,1034,1
2465,31.9919,32.0430,4096,256.6250,5,47.1883,1034,1
2466,31.9919,32.0430,4096,256.6250,5,47.1883,1035,1
2467,31.9919,32.0430,4096,256.6250,5,47.1883,1035,1
2468,31.9919,32.0430,4096,256.6250,5,47.1883,1035,1
2469,31.9919,32.0430,4096,256.6250,5,47.1883,1036,1
2470,31.9919,32.0430,4096,256.6250,5,47.1883,1036,1
2471,31.9919,32.0430,4096,256.6250,5,47.1883,1036,1
2472,31.9919,32.0430,4096,256.6250,5,47.1883,1036,1
2473,31.9919,32.0430,4096,256.6250,5,47.1883,1036,1
2474,31.9919,32.0430,4096,256.6250,5,47.1883,1036,1
2475,31.9919,32.0430,4096,256.6250,5,47.1883,1036,1
2476,31.9919,32.0430,4096,256.6250,5,47.1883,1036,1
2477,31.9919,32.0430,4096,256.6250,5,47.1883,1036,1
2478,31.9919,32.0430,4096,256.6250,5,47.1883,1036,1
2479,31.9919,32.0430,4096,256.6250,5,47.1883,1036,1
2480,31.9919,32.0430,4096,256.6250,5,47.1883,1036,1
2481,31.9919,32.0430,4096,256.6250,5,47.1883,1036,1
2482,31.9919,32.0430,4096,256.6250,5,47.1883,1036,1
2483,31.9919,32.0430,4096,256.6250,5,47.1883,1036,1
2484,31.9919,32.0430,4096,256.6250,5,47.1883,1036,1
2485,31.9919,32.0430,4096,256.6250,5,47.1883,1037,1
2486,31.9919,32.0430,4096,256.6250,5,47.1883,1038,1
2487,31.9919,32.0430,4096,256.6250,5,47.1883,1038,1
2488,31.9919,32.0430,4096,256.6250,5,47.1883,1039,1
2489,31.9919,32.0430,4096,256.6250,5,47.1883,1039,1
2490,31.9919,32.0430,4096,256.6250,5,47.1883,1039,1
2491,31.9919,32.0430,4096,256.6250,5,47.1883,1039,1
2492,31.9919,32.0430,4096,256.6250,5,47.1883,1040,1
2493,31.9919,32.0430,4096,256.6250,5,47.1883,1040,1
2494,31.9919,32.0430,4096,256.6250,5,47.1883,1040,1
2495,31.9919,32.0430,4096,256.6250,5,47.1883,1040,1
2496,31.9919,32.0430,4096,256.6250,5,47.1883,1040,1
2497,31.9919,32.0430,4096,256.6250,5,47.1883,1040,1
2498,31.9919,32.0430,4096,256.6250,5,47.1883,1040,1
2499,31.9919,32.0430,4096,256.6250,5,47.1883,1041,1
2500,31.9919,32.0430,4096,256.6250,5,47.1883,1041,1
2501,31.9919,32.0430,4096,256.6250,5,47.1883,1041,1
2502,31.9919,32.0430,4096,256.6250,5,47.1883,1041,1
2503,31.9919,32.0430,4096,256.6250,5,47.1883,1041,1
2504,31.9919,32.0430,4096,256.6250,5,47.1883,1041,1
2505,31.9919,32.0430,4096,256.6250,5,47.1883,1041,1
2506,31.9919,32.0430,4096,256.6250,5,47.1883,1041,1
2507,31.9919,32.0430,4096,256.6250,5,47.1883,1041,1
2508,31.9919,32.0430,4096,256.6250,5,47.1883,1041,1
2509,31.9919,32.0430,4096,256.6250,5,47.1883,1041,1
2510,31.9919,32.0430,4096,256.6250,5,47.1883,1041,1
2511,31.9919,32.0430,4096,256.6250,5,47.1883,1041,1
2512,31.9919,32.0430,4096,256.6250,5,47.1883,1042,1
2513,31.9919,32.0430,4096,256.6250,5,47.1883,1043,1
2514,31.9919,32.0430,4096,256.6250,5,47.1883,1043,1
2515,31.9919,32.0430,4096,256.6250,5,47.1883,1043,1
2516,31.9919,32.0430,4096,256.6250,5,47.1883,1043,1
2517,31.9919,32.0430,4096,256.6250,5,47.1883,1043,1
2518,31.9919,32.0430,4096,256.6250,5,47.1883,1044,1
2519,31.9919,32.0430,4096,256.6250,5,47.1883,1045,1
2520,31.9919,32.0430,4096,256.6250,5,47.1883,1045,1
2521,31.9919,32.0430,4096,256.6250,5,47.1883,1045,1
2522,31.9919,32.0430,4096,256.6250,5,47.1883,1045,1
2523,31.9919,32.0430,4096,256.6250,5,47.1883,1045,1
2524,31.9919,32.0430,4096,256.6250,5,47.1883,1045,1
2525,31.9919,32.0430,4096,256.6250,5,47.1883,1045,1
2526,31.9919,32.0430,4096,256.6250,5,47.1883,1045,1
2527,31.9919,32.0430,4096,256.6250,5,47.1883,1045,1
2528,31.9919,32.0430,4096,256.6250,5,47.1883,1045,1
2529,31.9919,32.0430,4096,256.6250,5,47.1883,1046,1
2530,31.9919,32.0430,4096,256.6250,5,47.1883,1046,1
2531,31.9919,32.0430,4096,256.6250,5,47.1883,1046,1
2532,31.9919,32.0430,4096,256.6250,5,47.1883,1046,1
2533,31.9919,32.0430,4096,256.6250,5,47.1883,1047,1
2534,31.9919,32.0430,4096,256.6250,5,47.1883,1047,1
2535,31.9919,32.0430,4096,256.6250,5,47.1883,1048,1
2536,31.9919,32.0430,4096,256.6250,5,47.1883,1049,1
2537,31.9919,32.0430,4096,256.6250,5,47.1883,1050,1
2538,31.9919,32.0430,4096,256.6250,5,47.1883,1050,1
2539,31.9919,32.0430,4096,256.6250,5,47.1883,1050,1
2540,31.9919,32.0430,4096,256.6250,5,47.1883,1050,1
2541,31.9919,32.0430,4096,256.6250,5,47.1883,1050,1
2542,31.9919,32.0430,4096,256.6250,5,47.1883,1051,1
2543,31.9919,32.0430,4096,256.6250,5,47.1883,1051,1
2544,31.9919,32.0430,4096,256.6250,5,47.1883,1051,1
2545,31.9919,32.0430,4096,256.6250,5,47.1883,1051,1
2546,31.9919,32.0430,4096,256.6250,5,47.1883,1051,1
2547,31.9919,32.0430,4096,256.6250,5,47.1883,1052,1
2548,31.9919,32.0430,4096,256.6250,5,47.1883,1053,1
2549,31.9919,32.0430,4096,256.6250,5,47.1883,1053,1
2550,31.9919,32.0430,4096,256.6250,5,47.1883,1054,1
2551,31.9919,32.0430,4096,256.6250,5,47.1883,1054,1
2552,31.9919,32.0430,4096,256.6250,5,47.1883,1054,1
2553,31.9919,32.0430,4096,256.6250,5,47.1883,1054,1
2554,31.9919,32.0430,4096,256.6250,5,47.1883,1054,1
2555,31.9919,32.0430,4096,256.6250,5,47.1883,1054,1
2556,31.9919,32.0430,4096,256.6250,5,47.1883,1055,1
2557,31.9919,32.0430,4096,256.6250,5,47.1883,1055,1
2558,31.9919,32.0430,4096,256.6250,5,47.1883,1055,1
2559,31.9919,32.0430,4096,256.6250,5,47.1883,1055,1
2560,31.9919,32.0430,4096,256.6250,5,47.1883,1055,1
2561,31.9919,32.0430,4096,256.6250,5,47.1883,1056,1
2562,31.9919,32.0430,4096,256.6250,5,47.1883,1056,1
2563,31.9919,32.0430,4096,256.6250,5,47.1883,1056,1
2564,31.9919,32.0430,4096,256.6250,5,47.1883,1056,1
2565,31.9919,32.0430,4096,256.6250,5,47.1883,1056,1
2566,31.9919,32.0430,4096,256.6250,5,47.1883,1056,1
2567,31.9919,32.0430,4096,256.6250,5,47.1883,1057,1
2568,31.9919,32.0430,4096,256.6250,5,47.1883,1057,1
2569,31.9919,32.0430,4096,256.6250,5,47.1883,1057,1
2570,31.9919,32.0430,4096,256.6250,5,47.1883,1057,1
2571,31.9919,32.0430,4096,256.6250,5,47.1883,1058,1
2572,31.9919,32.0430,4096,256.6250,5,47.1883,1058,1
2573,31.9919,32.0430,4096,256.6250,5,47.1883,1058,1
2574,31.9919,32.0430,4096,256.6250,5,47.1883,1058,1
2575,31.9919,32.0430,4096,256.6250,5,47.1883,1058,1
2576,31.9919,32.0430,4096,256.6250,5,47.1883,1058,1
2577,31.9919,32.0430,4096,256.6250,5,47.1883,1058,1
2578,31.9919,32.0430,4096,256.6250,5,47.1883,1059,1
2579,31.9919,32.0430,4096,256.6250,5,47.1883,1060,1
2580,31.9919,32.0430,4096,256.6250,5,47.1883,1060,1
2581,31.9919,32.0430,4096,256.6250,5,47.1883,1060,1
2582,31.9919,32.0430,4096,256.6250,5,47.1883,1060,1
2583,31.9919,32.0430,4096,256.6250,5,47.1883,1060,1
2584,31.9919,32.0430,4096,256.6250,5,47.1883,1060,1
2585,31.9919,32.0430,4096,256.6250,5,47.1883,1060,1
2586,31.9919,32.0430,4096,256.6250,5,47.1883,1060,1
2587,31.9919,32.0430,4096,256.6250,5,47.1883,1060,1
2588,31.9919,32.0430,4096,256.6250,5,47.1883,1060,1
2589,31.9919,32.0430,4096,256.6250,5,47.1883,1060,1
2590,31.9919,32.0430,4096,256.6250,5,47.1883,1060,1
2591,31.9919,32.0430,4096,256.6250,5,47.1883,1060,1
2592,31.9919,32.0430,4096,256.6250,5,47.1883,1060,1
2593,31.9919,32.0430,4096,256.6250,5,47.1883,1060,1
2594,31.9919,32.0430,4096,256.6250,5,47.1883,1060,1
2595,31.9919,32.0430,4096,256.6250,5,47.1883,1060,1
2596,31.9919,32.0430,4096,256.6250,5,47.1883,1061,1
2597,31.9919,32.0430,4096,256.6250,5,47.1883,1062,1
2598,31.9919,32.0430,4096,256.6250,5,47.1883,1062,1
2599,31.9919,32.0430,4096,256.6250,5,47.1883,1062,1
2600,31.9919,32.0430,4096,256.6250,5,47.1883,1063,1
2601,31.9919,32.0430,4096,256.6250,5,47.1883,1064,1
2602,31.9919,32.0430,4096,256.6250,5,47.1883,1065,1
2603,31.9919,32.0430,4096,256.6250,5,47.1883,1066,1
2604,31.9919,32.0430,4096,256.6250,5,47.1883,1066,1
2605,31.9919,32.0430,4096,256.6250,5,47.1883,1066,1
2606,31.9919,32.0430,4096,256.6250,5,47.1883,1066,1
2607,31.9919,32.0430,4096,256.6250,5,47.1883,1066,1
2608,31.9919,32.0430,4096,256.6250,5,47.1883,1066,1
2609,31.9919,32.0430,4096,256.6250,5,47.1883,1066,1
2610,31.9919,32.0430,4096,256.6250,5,47.1883,1066,1
2611,31.9919,32.0430,4096,256.6250,5,47.1883,1066,1
2612,31.9919,32.0430,4096,256.6250,5,47.1883,1067,1
2613,31.9919,32.0430,4096,256.6250,5,47.1883,1067,1
2614,31.9919,32.0430,4096,256.6250,5,47.1883,1067,1
2615,31.9919,32.0430,4096,256.6250,5,47.1883,1067,1
2616,31.9919,32.0430,4096,256.6250,5,47.1883,1067,1
2617,31.9919,32.0430,4096,256.6250,5,47.1883,1067,1
2618,31.9919,32.0430,4096,256.6250,5,47.1883,1067,1
2619,31.9919,32.0430,4096,256.6250,5,47.1883,1067,1
2620,31.9919,32.0430,4096,256.6250,5,47.1883,1068,1
2621,31.9919,32.0430,4096,256.6250,5,47.1883,1068,1
2622,31.9919,32.0430,4096,256.6250,5,47.1883,1069,1
2623,31.9919,32.0430,4096,256.6250,5,47.1883,1070,1
2624,31.9919,32.0430,4096,256.6250,5,47.1883,1070,1
2625,31.9919,32.0430,4096,256.6250,5,47.1883,1070,1
2626,31.9919,32.0430,4096,256.6250,5,47.1883,1070,1
2627,31.9919,32.0430,4096,256.6250,5,47.1883,1070,1
2628,31.9919,32.0430,4096,256.6250,5,47.1883,1070,1
2629,31.9919,32.0430,4096,256.6250,5,47.1883,1070,1
2630,31.9919,32.0430,4096,256.6250,5,47.1883,1070,1
2631,31.9919,32.0430,4096,256.6250,5,47.1883,1070,1
2632,31.9919,32.0430,4096,256.6250,5,47.1883,1070,1
2633,31.9919,32.0430,4096,256.6250,5,47.1883,1071,1
2634,31.9919,32.0430,4096,256.6250,5,47.1883,1071,1
2635,31.9919,32.0430,4096,256.6250,5,47.1883,1071,1
2636,31.9919,32.0430,4096,256.6250,5,47.1883,1071,1
2637,31.9919,32.0430,4096,256.6250,5,47.1883,1071,1
2638,31.9919,32.0430,4096,256.6250,5,47.1883,1071,1
2639,31.9919,32.0430,4096,256.6250,5,47.1883,1072,1
2640,31.9919,32.0430,4096,256.6250,5,47.1883,1072,1
2641,31.9919,32.0430,4096,256.6250,5,47.1883,1072,1
2642,31.9919,32.0430,4096,256.6250,5,47.1883,1072,1
2643,31.9919,32.0430,4096,256.6250,5,47.1883,1073,1
2644,31.9919,32.0430,4096,256.6250,5,47.1883,1073,1
2645,31.9919,32.0430,4096,256.6250,5,47.1883,1073,1
2646,31.9919,32.0430,4096,256.6250,5,47.1883,1073,1
2647,31.9919,32.0430,4096,256.6250,5,47.1883,1074,1
2648,31.9919,32.0430,4096,256.6250,5,47.1883,1075,1
2649,31.9919,32.0430,4096,256.6250,5,47.1883,1075,1
2650,31.9919,32.0430,4096,256.6250,5,47.1883,1075,1
2651,31.9919,32.0430,4096,256.6250,5,47.1883,1075,1
2652,31.9919,32.0430,4096,256.6250,5,47.1883,1075,1
2653,31.9919,32.0430,4096,256.6250,5,47.1883,1075,1
2654,31.9919,32.0430,4096,256.6250,5,47.1883,1076,1
2655,31.9919,32.0430,4096,256.6250,5,47.1883,1077,1
2656,31.9919,32.0430,4096,256.6250,5,47.1883,1078,1
2657,31.9919,32.0430,4096,256.6250,5,47.1883,1078,1
2658,31.9919,32.0430,4096,256.6250,5,47.1883,1078,1
2659,31.9919,32.0430,4096,256.6250,5,47.1883,1079,1
2660,31.9919,32.0430,4096,256.6250,5,47.1883,1080,1
2661,31.9919,32.0430,4096,256.6250,5,47.1883,1080,1
2662,31.9919,32.0430,4096,256.6250,5,47.1883,1081,1
2663,31.9919,32.0430,4096,256.6250,5,47.1883,1081,1
2664,31.9919,32.0430,4096,256.6250,5,47.1883,1081,1
2665,31.9919,32.0430,4096,256.6250,5,47.1883,1081,1
2666,31.9919,32.0430,4096,256.6250,5,47.1883,1081,1
2667,31.9919,32.0430,4096,256.6250,5,47.1883,1082,1
2668,31.9919,32.0430,4096,256.6250,5,47.1883,1082,1
2669,31.9919,32.0430,4096,256.6250,5,47.1883,1082,1
2670,31.9919,32.0430,4096,256.6250,5,47.1883,1082,1
2671,31.9919,32.0430,4096,256.6250,5,47.1883,1082,1
2672,31.9919,32.0430,4096,256.6250,5,47.1883,1083,1
2673,31.9919,32.0430,4096,256.6250,5,47.1883,1084,1
2674,31.9919,32.0430,4096,256.6250,5,47.1883,1084,1
2675,31.9919,32.0430,4096,256.6250,5,47.1883,1084,1
2676,31.9919,32.0430,4096,256.6250,5,47.1883,1084,1
2677,31.9919,32.0430,4096,256.6250,5,47.1883,1084,1
2678,31.9919,32.0430,4096,256.6250,5,47.1883,1084,1
2679,31.9919,32.0430,4096,256.6250,5,47.1883,1084,1
2680,31.9919,32.0430,4096,256.6250,5,47.1883,1085,1
2681,31.9919,32.0430,4096,256.6250,5,47.1883,1085,1
2682,31.9919,32.0430,4096,256.6250,5,47.1883,1085,1
2683,31.9919,32.0430,4096,256.6250,5,47.1883,1085,1
2684,31.9919,32.0430,4096,256.6250,5,47.1883,1085,1
2685,31.9919,32.0430,4096,256.6250,5,47.1883,1086,1
2686,31.9919,32.0430,4096,256.6250,5,47.1883,1086,1
2687,31.9919,32.0430,4096,256.6250,5,47.1883,1087,1
2688,31.9919,32.0430,4096,256.6250,5,47.1883,1088,1
2689,31.9919,32.0430,4096,256.6250,5,47.1883,1088,1
2690,31.9919,32.0430,4096,256.6250,5,47.1883,1088,1
2691,31.9919,32.0430,4096,256.6250,5,47.1883,1088,1
2692,31.9919,32.0430,4096,256.6250,5,47.1883,1088,1
2693,31.9919,32.0430,4096,256.6250,5,47.1883,1088,1
2694,31.9919,32.0430,4096,256.6250,5,47.1883,1088,1
2695,31.9919,32.0430,4096,256.6250,5,47.1883,1088,1
2696,31.9919,32.0430,4096,256.6250,5,47.1883,1088,1
2697,31.9919,32.0430,4096,256.6250,5,47.1883,1088,1
2698,31.9919,32.0430,4096,256.6250,5,47.1883,1089,1
2699,31.9919,32.0430,4096,256.6250,5,47.1883,1089,1
2700,31.9919,32.0430,4096,256.6250,5,47.1883,1090,1
2701,31.9919,32.0430,4096,256.6250,5,47.1883,1090,1
2702,31.9919,32.0430,4096,256.6250,5,47.1883,1091,1
2703,31.9919,32.0430,4096,256.6250,5,47.1883,1092,1
2704,31.9919,32.0430,4096,256.6250,5,47.1883,1093,1
2705,31.9919,32.0430,4096,256.6250,5,47.1883,1094,1
2706,31.9919,32.0430,4096,256.6250,5,47.1883,1095,1
2707,31.9919,32.0430,4096,256.6250,5,47.1883,1095,1
2708,31.9919,32.0430,4096,256.6250,5,47.1883,1095,1
2709,31.9919,32.0430,4096,256.6250,5,47.1883,1095,1
2710,31.9919,32.0430,4096,256.6250,5,47.1883,1095,1
2711,31.9919,32.0430,4096,256.6250,5,47.1883,1095,1
2712,31.9919,32.0430,4096,256.6250,5,47.1883,1095,1
2713,31.9919,32.0430,4096,256.6250,5,47.1883,1095,1
2714,31.9919,32.0430,4096,256.6250,5,47.1883,1095,1
2715,31.9919,32.0430,4096,256.6250,5,47.1883,1095,1
2716,31.9919,32.0430,4096,256.6250,5,47.1883,1095,1
2717,31.9919,32.0430,4096,256.6250,5,47.1883,1095,1
2718,31.9919,32.0430,4096,256.6250,5,47.1883,1096,1
2719,31.9919,32.0430,4096,256.6250,5,47.1883,1096,1
2720,31.9919,32.0430,4096,256.6250,5,47.1883,1096,1
2721,31.9919,32.0430,4096,256.6250,5,47.1883,1096,1
2722,31.9919,32.0430,4096,256.6250,5,47.1883,1097,1
2723,31.9919,32.0430,4096,256.6250,5,47.1883,1098,1
2724,31.9919,32.0430,4096,256.6250,5,47.1883,1098,1
2725,31.9919,32.0430,4096,256.6250,5,47.1883,1098,1
2726,31.9919,32.0430,4096,256.6250,5,47.1883,1099,1
2727,31.9919,32.0430,4096,256.6250,5,47.1883,1099,1
2728,31.9919,32.0430,4096,256.6250,5,47.1883,1099,1
2729,31.9919,32.0430,4096,256.6250,5,47.1883,1099,1
2730,31.9919,32.0430,4096,256.6250,5,47.1883,1099,1
2731,31.9919,32.0430,4096,256.6250,5,47.1883,1099,1
2732,31.9919,32.0430,4096,256.6250,5,47.1883,1099,1
2733,31.9919,32.0430,4096,256.6250,5,47.1883,1100,1
2734,31.9919,32.0430,4096,256.6250,5,47.1883,1100,1
2735,31.9919,32.0430,4096,256.6250,5,47.1883,1101,1
2736,31.9919,32.0430,4096,256.6250,5,47.1883,1101,1
2737,31.9919,32.0430,4096,256.6250,5,47.1883,1102,1
2738,31.9919,32.0430,4096,256.6250,5,47.1883,1102,1
2739,31.9919,32.0430,4096,256.6250,5,47.1883,1102,1
2740,31.9919,32.0430,4096,256.6250,5,47.1883,1103,1
2741,31.9919,32.0430,4096,256.6250,5,47.1883,1103,1
2742,31.9919,32.0430,4096,256.6250,5,47.1883,1103,1
2743,31.9919,32.0430,4096,256.6250,5,47.1883,1103,1
2744,31.9919,32.0430,4096,256.6250,5,47.1883,1104,1
2745,31.9919,32.0430,4096,256.6250,5,47.1883,1104,1
2746,31.9919,32.0430,4096,256.6250,5,47.1883,1105,1
2747,31.9919,32.0430,4096,256.6250,5,47.1883,1106,1
2748,31.9919,32.0430,4096,256.6250,5,47.1883,1106,1
2749,31.9919,32.0430,4096,256.6250,5,47.1883,1106,1
2750,31.9919,32.0430,4096,256.6250,5,47.1883,1106,1
2751,31.9919,32.0430,4096,256.6250,5,47.1883,1107,1
2752,31.9919,32.0430,4096,256.6250,5,47.1883,1108,1
2753,31.9919,32.0430,4096,256.6250,5,47.1883,1108,1
2754,31.9919,32.0430,4096,256.6250,5,47.1883,1109,1
2755,31.9919,32.0430,4096,256.6250,5,47.1883,1109,1
2756,31.9919,32.0430,4096,256.6250,5,47.1883,1109,1
2757,31.9919,32.0430,4096,256.6250,5,47.1883,1109,1
2758,31.9919,32.0430,4096,256.6250,5,47.1883,1110,1
2759,31.9919,32.0430,4096,256.6250,5,47.1883,1110,1
2760,31.9919,32.0430,4096,256.6250,5,47.1883,1110,1
2761,31.9919,32.0430,4096,256.6250,5,47.1883,1110,1
2762,31.9919,32.0430,4096,256.6250,5,47.1883,1110,1
2763,31.9919,32.0430,4096,256.6250,5,47.1883,1110,1
2764,31.9919,32.0430,4096,256.6250,5,47.1883,1111,1
2765,31.9919,32.0430,4096,256.6250,5,47.1883,1111,1
2766,31.9919,32.0430,4096,256.6250,5,47.1883,1112,1
2767,31.9919,32.0430,4096,256.6250,5,47.1883,1113,1
2768,31.9919,32.0430,4096,256.6250,5,47.1883,1114,1
2769,31.9919,32.0430,4096,256.6250,5,47.1883,1114,1
2770,31.9919,32.0430,4096,256.6250,5,47.1883,1114,1
2771,31.9919,32.0430,4096,256.6250,5,47.1883,1114,1
2772,31.9919,32.0430,4096,256.6250,5,47.1883,1114,1
2773,31.9919,32.0430,4096,256.6250,5,47.1883,1114,1
2774,31.9919,32.0430,4096,256.6250,5,47.1883,1114,1
2775,31.9919,32.0430,4096,256.6250,5,47.1883,1114,1
2776,31.9919,32.0430,4096,256.6250,5,47.1883,1114,1
2777,31.9919,32.0430,4096,256.6250,5,47.1883,1114,1
2778,31.9919,32.0430,4096,256.6250,5,47.1883,1114,1
2779,31.9919,32.0430,4096,256.6250,5,47.1883,1114,1
2780,31.9919,32.0430,4096,256.6250,5,47.1883,1114,1
2781,31.9919,32.0430,4096,256.6250,5,47.1883,1114,1
2782,31.9919,32.0430,4096,256.6250,5,47.1883,1114,1
2783,31.9919,32.0430,4096,256.6250,5,47.1883,1114,1
2784,31.9919,32.0430,4096,256.6250,5,47.1883,1115,1
2785,31.9919,32.0430,4096,256.6250,5,47.1883,1115,1
2786,31.9919,32.0430,4096,256.6250,5,47.1883,1115,1
2787,31.9919,32.0430,4096,256.6250,5,47.1883,1116,1
2788,31.9919,32.0430,4096,256.6250,5,47.1883,1116,1
2789,31.9919,32.0430,4096,256.6250,5,47.1883,1117,1
2790,31.9919,32.0430,4096,256.6250,5,47.1883,1118,1
2791,31.9919,32.0430,4096,256.6250,5,47.1883,1118,1
2792,31.9919,32.0430,4096,256.6250,5,47.1883,1119,1
2793,31.9919,32.0430,4096,256.6250,5,47.1883,1119,1
2794,31.9919,32.0430,4096,256.6250,5,47.1883,1120,1
2795,31.9919,32.0430,4096,256.6250,5,47.1883,1120,1
2796,31.9919,32.0430,4096,256.6250,5,47.1883,1120,1
2797,31.9919,32.0430,4096,256.6250,5,47.1883,1121,1
2798,31.9919,32.0430,4096,256.6250,5,47.1883,1121,1
2799,31.9919,32.0430,4096,256.6250,5,47.1883,1121,1
2800,31.9919,32.0430,4096,256.6250,5,47.1883,1121,1
2801,31.9919,32.0430,4096,256.6250,5,47.1883,1121,1
2802,31.9919,32.0430,4096,256.6250,5,47.1883,1122,1
2803,31.9919,32.0430,4096,256.6250,5,47.1883,1123,1
2804,31.9919,32.0430,4096,256.6250,5,47.1883,1123,1
2805,31.9919,32.0430,4096,256.6250,5,47.1883,1123,1
2806,31.9919,32.0430,4096,256.6250,5,47.1883,1124,1
2807,31.9919,32.0430,4096,256.6250,5,47.1883,1125,1
2808,31.9919,32.0430,4096,256.6250,5,47.1883,1125,1
2809,31.9919,32.0430,4096,256.6250,5,47.1883,1125,1
2810,31.9919,32.0430,4096,256.6250,5,47.1883,1125,1
2811,31.9919,32.0430,4096,256.6250,5,47.1883,1125,1
2812,31.9919,32.0430,4096,256.6250,5,47.1883,1126,1
2813,31.9919,32.0430,4096,256.6250,5,47.1883,1126,1
2814,31.9919,32.0430,4096,256.6250,5,47.1883,1126,1
2815,31.9919,32.0430,4096,256.6250,5,47.1883,1127,1
2816,31.9919,32.0430,4096,256.6250,5,47.1883,1127,1
2817,31.9919,32.0430,4096,256.6250,5,47.1883,1128,1
2818,31.9919,32.0430,4096,256.6250,5,47.1883,1128,1
2819,31.9919,32.0430,4096,256.6250,5,47.1883,1128,1
2820,31.9919,32.0430,4096,256.6250,5,47.1883,1128,1
2821,31.9919,32.0430,4096,256.6250,5,47.1883,1128,1
2822,31.9919,32.0430,4096,256.6250,5,47.1883,1128,1
2823,31.9919,32.0430,4096,256.6250,5,47.1883,1129,1
2824,31.9919,32.0430,4096,256.6250,5,47.1883,1129,1
2825,31.9919,32.0430,4096,256.6250,5,47.1883,1129,1
2826,31.9919,32.0430,4096,256.6250,5,47.1883,1129,1
2827,31.9919,32.0430,4096,256.6250,5,47.1883,1129,1
2828,31.9919,32.0430,4096,256.6250,5,47.1883,1129,1
2829,31.9919,32.0430,4096,256.6250,5,47.1883,1129,1
2830,31.9919,32.0430,4096,256.6250,5,47.1883,1130,1
2831,31.9919,32.0430,4096,256.6250,5,47.1883,1130,1
2832,31.9919,32.0430,4096,256.6250,5,47.1883,1130,1
2833,31.9919,32.0430,4096,256.6250,5,47.1883,1130,1
2834,31.9919,32.0430,4096,256.6250,5,47.1883,1130,1
2835,31.9919,32.0430,4096,256.6250,5,47.1883,1130,1
2836,31.9919,32.0430,4096,256.6250,5,47.1883,1130,1
2837,31.9919,32.0430,4096,256.6250,5,47.1883,1130,1
2838,31.9919,32.0430,4096,256.6250,5,47.1883,1130,1
2839,31.9919,32.0430,4096,256.6250,5,47.1883,1130,1
2840,31.9919,32.0430,4096,256.6250,5,47.1883,1130,1
2841,31.9919,32.0430,4096,256.6250,5,47.1883,1130,1
2842,31.9919,32.0430,4096,256.6250,5,47.1883,1130,1
2843,31.9919,32.0430,4096,256.6250,5,47.1883,1131,1
2844,31.9919,32.0430,4096,256.6250,5,47.1883,1132,1
2845,31.9919,32.0430,4096,256.6250,5,47.1883,1132,1
2846,31.9919,32.0430,4096,256.6250,5,47.1883,1132,1
2847,31.9919,32.0430,4096,256.6250,5,47.1883,1132,1
2848,31.9919,32.0430,4096,256.6250,5,47.1883,1132,1
2849,31.9919,32.0430,4096,256.6250,5,47.1883,1132,1
2850,31.9919,32.0430,4096,256.6250,5,47.1883,1133,1
2851,31.9919,32.0430,4096,256.6250,5,47.1883,1133,1
2852,31.9919,32.0430,4096,256.6250,5,47.1883,1134,1
2853,31.9919,32.0430,4096,256.6250,5,47.1883,1134,1
2854,31.9919,32.0430,4096,256.6250,5,47.1883,1134,1
2855,31.9919,32.0430,4096,256.6250,5,47.1883,1134,1
2856,31.9919,32.0430,4096,256.6250,5,47.1883,1135,1
2857,31.9919,32.0430,4096,256.6250,5,47.1883,1136,1
2858,31.9919,32.0430,4096,256.6250,5,47.1883,1137,1
2859,31.9919,32.0430,4096,256.6250,5,47.1883,1137,1
2860,31.9919,32.0430,4096,256.6250,5,47.1883,1138,1
2861,31.9919,32.0430,4096,256.6250,5,47.1883,1138,1
2862,31.9919,32.0430,4096,256.6250,5,47.1883,1139,1
2863,31.9919,32.0430,4096,256.6250,5,47.1883,1139,1
2864,31.9919,32.0430,4096,256.6250,5,47.1883,1139,1
2865,31.9919,32.0430,4096,256.6250,5,47.1883,1139,1
2866,31.9919,32.0430,4096,256.6250,5,47.1883,1140,1
2867,31.9919,32.0430,4096,256.6250,5,47.1883,1140,1
2868,31.9919,32.0430,4096,256.6250,5,47.1883,1141,1
2869,31.9919,32.0430,4096,256.6250,5,47.1883,1141,1
2870,31.9919,32.0430,4096,256.6250,5,47.1883,1142,1
2871,31.9919,32.0430,4096,256.6250,5,47.1883,1142,1
2872,31.9919,32.0430,4096,256.6250,5,47.1883,1142,1
2873,31.9919,32.0430,4096,256.6250,5,47.1883,1142,1
2874,31.9919,32.0430,4096,256.6250,5,47.1883,1142,1
2875,31.9919,32.0430,4096,256.6250,5,47.1883,1142,1
2876,31.9919,32.0430,4096,256.6250,5,47.1883,1142,1
2877,31.9919,32.0430,4096,256.6250,5,47.1883,1142,1
2878,31.9919,32.0430,4096,256.6250,5,47.1883,1142,1
2879,31.9919,32.0430,4096,256.6250,5,47.1883,1142,1
2880,31.9919,32.0430,4096,256.6250,5,47.1883,1142,1
2881,31.9919,32.0430,4096,256.6250,5,47.1883,1143,1
2882,31.9919,32.0430,4096,256.6250,5,47.1883,1143,1
2883,31.9919,32.0430,4096,256.6250,5,47.1883,1143,1
2884,31.9919,32.0430,4096,256.6250,5,47.1883,1144,1
2885,31.9919,32.0430,4096,256.6250,5,47.1883,1144,1
2886,31.9919,32.0430,4096,256.6250,5,47.1883,1144,1
2887,31.9919,32.0430,4096,256.6250,5,47.1883,1145,1
2888,31.9919,32.0430,4096,256.6250,5,47.1883,1145,1
2889,31.9919,32.0430,4096,256.6250,5,47.1883,1145,1
2890,31.9919,32.0430,4096,256.6250,5,47.1883,1145,1
2891,31.9919,32.0430,4096,256.6250,5,47.1883,1145,1
2892,31.9919,32.0430,4096,256.6250,5,47.1883,1145,1
2893,31.9919,32.0430,4096,256.6250,5,47.1883,1145,1
2894,31.9919,32.0430,4096,256.6250,5,47.1883,1145,1
2895,31.9919,32.0430,4096,256.6250,5,47.1883,1145,1
2896,31.9919,32.0430,4096,256.6250,5,47.1883,1145,1
2897,31.9919,32.0430,4096,256.6250,5,47.1883,1145,1
2898,31.9919,32.0430,4096,256.6250,5,47.1883,1145,1
2899,31.9919,32.0430,4096,256.6250,5,47.1883,1146,1
2900,31.9919,32.0430,4096,256.6250,5,47.1883,1146,1
2901,31.9919,32.0430,4096,256.6250,5,47.1883,1146,1
2902,31.9919,32.0430,4096,256.6250,5,47.1883,1146,1
2903,31.9919,32.0430,4096,256.6250,5,47.1883,1146,1
2904,31.9919,32.0430,4096,256.6250,5,47.1883,1147,1
2905,31.9919,32.0430,4096,256.6250,5,47.1883,1147,1
2906,31.9919,32.0430,4096,256.6250,5,47.1883,1148,1
2907,31.9919,32.0430,4096,256.6250,5,47.1883,1148,1
2908,31.9919,32.0430,4096,256.6250,5,47.1883,1149,1
2909,31.9919,32.0430,4096,256.6250,5,47.1883,1149,1
2910,31.9919,32.0430,4096,256.6250,5,47.1883,1149,1
2911,31.9919,32.0430,4096,256.6250,5,47.1883,1149,1
2912,31.9919,32.0430,4096,256.6250,5,47.1883,1150,1
2913,31.9919,32.0430,4096,256.6250,5,47.1883,1150,1
2914,31.9919,32.0430,4096,256.6250,5,47.1883,1150,1
2915,31.9919,32.0430,4096,256.6250,5,47.1883,1150,1
2916,31.9919,32.0430,4096,256.6250,5,47.1883,1150,1
2917,31.9919,32.0430,4096,256.6250,5,47.1883,1150,1
2918,31.9919,32.0430,4096,256.6250,5,47.1883,1150,1
2919,31.9919,32.0430,4096,256.6250,5,47.1883,1150,1
2920,31.9919,32.0430,4096,256.6250,5,47.1883,1150,1
2921,31.9919,32.0430,4096,256.6250,5,47.1883,1150,1
2922,31.9919,32.0430,4096,256.6250,5,47.1883,1150,1
2923,31.9919,32.0430,4096,256.6250,5,47.1883,1150,1
2924,31.9919,32.0430,4096,256.6250,5,47.1883,1150,1
2925,31.9919,32.0430,4096,256.6250,5,47.1883,1150,1
2926,31.9919,32.0430,4096,256.6250,5,47.1883,1150,1
2927,31.9919,32.0430,4096,256.6250,5,47.1883,1150,1
2928,31.9919,32.0430,4096,256.6250,5,47.1883,1150,1
2929,31.9919,32.0430,4096,256.6250,5,47.1883,1150,1
2930,31.9919,32.0430,4096,256.6250,5,47.1883,1150,1
2931,31.9919,32.0430,4096,256.6250,5,47.1883,1151,1
2932,31.9919,32.0430,4096,256.6250,5,47.1883,1151,1
2933,31.9919,32.0430,4096,256.6250,5,47.1883,1151,1
2934,31.9919,32.0430,4096,256.6250,5,47.1883,1152,1
2935,31.9919,32.0430,4096,256.6250,5,47.1883,1152,1
2936,31.9919,32.0430,4096,256.6250,5,47.1883,1152,1
2937,31.9919,32.0430,4096,256.6250,5,47.1883,1152,1
2938,31.9919,32.0430,4096,256.6250,5,47.1883,1152,1
2939,31.9919,32.0430,4096,256.6250,5,47.1883,1153,1
2940,31.9919,32.0430,4096,256.6250,5,47.1883,1153,1
2941,31.9919,32.0430,4096,256.6250,5,47.1883,1153,1
2942,31.9919,32.0430,4096,256.6250,5,47.1883,1153,1
2943,31.9919,32.0430,4096,256.6250,5,47.1883,1153,1
2944,31.9919,32.0430,4096,256.6250,5,47.1883,1153,1
2945,31.9919,32.0430,4096,256.6250,5,47.1883,1153,1
2946,31.9919,32.0430,4096,256.6250,5,47.1883,1154,1
2947,31.9919,32.0430,4096,256.6250,5,47.1883,1154,1
2948,31.9919,32.0430,4096,256.6250,5,47.1883,1154,1
2949,31.9919,32.0430,4096,256.6250,5,47.1883,1155,1
2950,31.9919,32.0430,4096,256.6250,5,47.1883,1155,1
2951,31.9919,32.0430,4096,256.6250,5,47.1883,1155,1
2952,31.9919,32.0430,4096,256.6250,5,47.1883,1156,1
2953,31.9919,32.0430,4096,256.6250,5,47.1883,1156,1
2954,31.9919,32.0430,4096,256.6250,5,47.1883,1156,1
2955,31.9919,32.0430,4096,256.6250,5,47.1883,1157,1
2956,31.9919,32.0430,4096,256.6250,5,47.1883,1158,1
2957,31.9919,32.0430,4096,256.6250,5,47.1883,1158,1
2958,31.9919,32.0430,4096,256.6250,5,47.1883,1158,1
2959,31.9919,32.0430,4096,256.6250,5,47.1883,1158,1
2960,31.9919,32.0430,4096,256.6250,5,47.1883,1158,1
2961,31.9919,32.0430,4096,256.6250,5,47.1883,1158,1
2962,31.9919,32.0430,4096,256.6250,5,47.1883,1159,1
2963,31.9919,32.0430,4096,256.6250,5,47.1883,1159,1
2964,31.9919,32.0430,4096,256.6250,5,47.1883,1159,1
2965,31.9919,32.0430,4096,256.6250,5,47.1883,1160,1
2966,31.9919,32.0430,4096,256.6250,5,47.1883,1160,1
2967,31.9919,32.0430,4096,256.6250,5,47.1883,1160,1
2968,31.9919,32.0430,4096,256.6250,5,47.1883,1160,1
2969,31.9919,32.0430,4096,256.6250,5,47.1883,1160,1
2970,31.9919,32.0430,4096,256.6250,5,47.1883,1161,1
2971,31.9919,32.0430,4096,256.6250,5,47.1883,1161,1
2972,31.9919,32.0430,4096,256.6250,5,47.1883,1161,1
2973,31.9919,32.0430,4096,256.6250,5,47.1883,1161,1
2974,31.9919,32.0430,4096,256.6250,5,47.1883,1161,1
2975,31.9919,32.0430,4096,256.6250,5,47.1883,1161,1
2976,31.9919,32.0430,4096,256.6250,5,47.1883,1162,1
2977,31.9919,32.0430,4096,256.6250,5,47.1883,1162,1
2978,31.9919,32.0430,4096,256.6250,5,47.1883,1162,1
2979,31.9919,32.0430,4096,256.6250,5,47.1883,1162,1
2980,31.9919,32.0430,4096,256.6250,5,47.1883,1162,1
2981,31.9919,32.0430,4096,256.6250,5,47.1883,1162,1
2982,31.9919,32.0430,4096,256.6250,5,47.1883,1162,1
2983,31.9919,32.0430,4096,256.6250,5,47.1883,1162,1
2984,31.9919,32.0430,4096,256.6250,5,47.1883,1162,1
2985,31.9919,32.0430,4096,256.6250,5,47.1883,1163,1
2986,31.9919,32.0430,4096,256.6250,5,47.1883,1164,1
2987,31.9919,32.0430,4096,256.6250,5,47.1883,1164,1
2988,31.9919,32.0430,4096,256.6250,5,47.1883,1164,1
2989,31.9919,32.0430,4096,256.6250,5,47.1883,1164,1
2990,31.9919,32.0430,4096,256.6250,5,47.1883,1164,1
2991,31.9919,32.0430,4096,256.6250,5,47.1883,1164,1
2992,31.9919,32.0430,4096,256.6250,5,47.1883,1164,1
2993,31.9919,32.0430,4096,256.6250,5,47.1883,1165,1
2994,31.9919,32.0430,4096,256.6250,5,47.1883,1166,1
2995,31.9919,32.0430,4096,256.6250,5,47.1883,1166,1
2996,31.9919,32.0430,4096,256.6250,5,47.1883,1166,1
2997,31.9919,32.0430,4096,256.6250,5,47.1883,1167,1
2998,31.9919,32.0430,4096,256.6250,5,47.1883,1167,1
2999,31.9919,32.0430,4096,256.6250,5,47.1883,1167,1
3000,31.9919,32.0430,4096,256.6250,5,47.1883,1167,1
3001,31.9919,32.0430,4096,256.6250,5,47.1883,1167,1
3002,31.9919,32.0430,4096,256.6250,5,47.1883,1167,1
3003,31.9919,32.0430,4096,256.6250,5,47.1883,1167,1
3004,31.9919,32.0430,4096,256.6250,5,47.1883,1167,1
3005,31.9919,32.0430,4096,256.6250,5,47.1883,1167,1
3006,31.9919,32.0430,4096,256.6250,5,47.1883,1167,1
3007,31.9919,32.0430,4096,256.6250,5,47.1883,1168,1
3008,31.9919,32.0430,4096,256.6250,5,47.1883,1168,1
3009,31.9919,32.0430,4096,256.6250,5,47.1883,1168,1
3010,31.9919,32.0430,4096,256.6250,5,47.1883,1169,1
3011,31.9919,32.0430,4096,256.6250,5,47.1883,1169,1
3012,31.9919,32.0430,4096,256.6250,5,47.1883,1170,1
3013,31.9919,32.0430,4096,256.6250,5,47.1883,1170,1
3014,31.9919,32.0430,4096,256.6250,5,47.1883,1170,1
3015,31.9919,32.0430,4096,256.6250,5,47.1883,1170,1
3016,31.9919,32.0430,4096,256.6250,5,47.1883,1170,1
3017,31.9919,32.0430,4096,256.6250,5,47.1883,1170,1
3018,31.9919,32.0430,4096,256.6250,5,47.1883,1170,1
3019,31.9919,32.0430,4096,256.6250,5,47.1883,1171,1
3020,31.9919,32.0430,4096,256.6250,5,47.1883,1171,1
3021,31.9919,32.0430,4096,256.6250,5,47.1883,1171,1
3022,31.9919,32.0430,4096,256.6250,5,47.1883,1172,1
3023,31.9919,32.0430,4096,256.6250,5,47.1883,1172,1
3024,31.9919,32.0430,4096,256.6250,5,47.1883,1172,1
3025,31.9919,32.0430,4096,256.6250,5,47.1883,1172,1
3026,31.9919,32.0430,4096,256.6250,5,47.1883,1172,1
3027,31.9919,32.0430,4096,256.6250,5,47.1883,1173,1
3028,31.9919,32.0430,4096,256.6250,5,47.1883,1173,1
3029,31.9919,32.0430,4096,256.6250,5,47.1883,1174,1
3030,31.9919,32.0430,4096,256.6250,5,47.1883,1174,1
3031,31.9919,32.0430,4096,256.6250,5,47.1883,1175,1
3032,31.9919,32.0430,4096,256.6250,5,47.1883,1176,1
3033,31.9919,32.0430,4096,256.6250,5,47.1883,1176,1
3034,31.9919,32.0430,4096,256.6250,5,47.1883,1177,1
3035,31.9919,32.0430,4096,256.6250,5,47.1883,1178,1
3036,31.9919,32.0430,4096,256.6250,5,47.1883,1179,1
3037,31.9919,32.0430,4096,256.6250,5,47.1883,1180,1
3038,31.9919,32.0430,4096,256.6250,5,47.1883,1180,1
3039,31.9919,32.0430,4096,256.6250,5,47.1883,1180,1
3040,31.9919,32.0430,4096,256.6250,5,47.1883,1180,1
3041,31.9919,32.0430,4096,256.6250,5,47.1883,1180,1
3042,31.9919,32.0430,4096,256.6250,5,47.1883,1181,1
3043,31.9919,32.0430,4096,256.6250,5,47.1883,1181,1
3044,31.9919,32.0430,4096,256.6250,5,47.1883,1181,1
3045,31.9919,32.0430,4096,256.6250,5,47.1883,1181,1
3046,31.9919,32.0430,4096,256.6250,5,47.1883,1181,1
3047,31.9919,32.0430,4096,256.6250,5,47.1883,1181,1
3048,31.9919,32.0430,4096,256.6250,5,47.1883,1181,1
3049,31.9919,32.0430,4096,256.6250,5,47.1883,1181,1
3050,31.9919,32.0430,4096,256.6250,5,47.1883,1181,1
3051,31.9919,32.0430,4096,256.6250,5,47.1883,1181,1
3052,31.9919,32.0430,4096,256.6250,5,47.1883,1181,1
3053,31.9919,32.0430,4096,256.6250,5,47.1883,1181,1
3054,31.9919,32.0430,4096,256.6250,5,47.1883,1181,1
3055,31.9919,32.0430,4096,256.6250,5,47.1883,1182,1
3056,31.9919,32.0430,4096,256.6250,5,47.1883,1182,1
3057,31.9919,32.0430,4096,256.6250,5,47.1883,1182,1
3058,31.9919,32.0430,4096,256.6250,5,47.1883,1182,1
3059,31.9919,32.0430,4096,256.6250,5,47.1883,1182,1
3060,31.9919,32.0430,4096,256.6250,5,47.1883,1182,1
3061,31.9919,32.0430,4096,256.6250,5,47.1883,1183,1
3062,31.9919,32.0430,4096,256.6250,5,47.1883,1183,1
3063,31.9919,32.0430,4096,256.6250,5,47.1883,1183,1
3064,31.9919,32.0430,4096,256.6250,5,47.1883,1183,1
3065,31.9919,32.0430,4096,256.6250,5,47.1883,1183,1
3066,31.9919,32.0430,4096,256.6250,5,47.1883,1183,1
3067,31.9919,32.0430,4096,256.6250,5,47.1883,1183,1
3068,31.9919,32.0430,4096,256.6250,5,47.1883,1183,1
3069,31.9919,32.0430,4096,256.6250,5,47.1883,1183,1
3070,31.9919,32.0430,4096,256.6250,5,47.1883,1183,1
3071,31.9919,32.0430,4096,256.6250,5,47.1883,1183,1
3072,31.9919,32.0430,4096,256.6250,5,47.1883,1184,1
3073,31.9919,32.0430,4096,256.6250,5,47.1883,1184,1
3074,31.9919,32.0430,4096,256.6250,5,47.1883,1184,1
3075,31.9919,32.0430,4096,256.6250,5,47.1883,1185,1
3076,31.9919,32.0430,4096,256.6250,5,47.1883,1185,1
3077,31.9919,32.0430,4096,256.6250,5,47.1883,1185,1
3078,31.9919,32.0430,4096,256.6250,5,47.1883,1185,1
3079,31.9919,32.0430,4096,256.6250,5,47.1883,1185,1
3080,31.9919,32.0430,4096,256.6250,5,47.1883,1185,1
3081,31.9919,32.0430,4096,256.6250,5,47.1883,1185,1
3082,31.9919,32.0430,4096,256.6250,5,47.1883,1185,1
3083,31.9919,32.0430,4096,256.6250,5,47.1883,1185,1
3084,31.9919,32.0430,4096,256.6250,5,47.1883,1186,1
3085,31.9919,32.0430,4096,256.6250,5,47.1883,1187,1
3086,31.9919,32.0430,4096,256.6250,5,47.1883,1187,1
3087,31.9919,32.0430,4096,256.6250,5,47.1883,1187,1
3088,31.9919,32.0430,4096,256.6250,5,47.1883,1187,1
3089,31.9919,32.0430,4096,256.6250,5,47.1883,1188,1
3090,31.9919,32.0430,4096,256.6250,5,47.1883,1189,1
3091,31.9919,32.0430,4096,256.6250,5,47.1883,1189,1
3092,31.9919,32.0430,4096,256.6250,5,47.1883,1189,1
3093,31.9919,32.0430,4096,256.6250,5,47.1883,1189,1
3094,31.9919,32.0430,4096,256.6250,5,47.1883,1190,1
3095,31.9919,32.0430,4096,256.6250,5,47.1883,1190,1
3096,31.9919,32.0430,4096,256.6250,5,47.1883,1191,1
3097,31.9919,32.0430,4096,256.6250,5,47.1883,1192,1
3098,31.9919,32.0430,4096,256.6250,5,47.1883,1192,1
3099,31.9919,32.0430,4096,256.6250,5,47.1883,1192,1
3100,31.9919,32.0430,4096,256.6250,5,47.1883,1192,1
3101,31.9919,32.0430,4096,256.6250,5,47.1883,1192,1
3102,31.9919,32.0430,4096,256.6250,5,47.1883,1193,1
3103,31.9919,32.0430,4096,256.6250,5,47.1883,1193,1
3104,31.9919,32.0430,4096,256.6250,5,47.1883,1193,1
3105,31.9919,32.0430,4096,256.6250,5,47.1883,1194,1
3106,31.9919,32.0430,4096,256.6250,5,47.1883,1194,1
3107,31.9919,32.0430,4096,256.6250,5,47.1883,1194,1
3108,31.9919,32.0430,4096,256.6250,5,47.1883,1195,1
3109,31.9919,32.0430,4096,256.6250,5,47.1883,1196,1
3110,31.9919,32.0430,4096,256.6250,5,47.1883,1197,1
3111,31.9919,32.0430,4096,256.6250,5,47.1883,1198,1
3112,31.9919,32.0430,4096,256.6250,5,47.1883,1198,1
3113,31.9919,32.0430,4096,256.6250,5,47.1883,1198,1
3114,31.9919,32.0430,4096,256.6250,5,47.1883,1198,1
3115,31.9919,32.0430,4096,256.6250,5,47.1883,1198,1
3116,31.9919,32.0430,4096,256.6250,5,47.1883,1198,1
3117,31.9919,32.0430,4096,256.6250,5,47.1883,1199,1
3118,31.9919,32.0430,4096,256.6250,5,47.1883,1200,1
3119,31.9919,32.0430,4096,256.6250,5,47.1883,1200,1
3120,31.9919,32.0430,4096,256.6250,5,47.1883,1200,1
3121,31.9919,32.0430,4096,256.6250,5,47.1883,1200,1
3122,31.9919,32.0430,4096,256.6250,5,47.1883,1200,1
3123,31.9919,32.0430,4096,256.6250,5,47.1883,1200,1
3124,31.9919,32.0430,4096,256.6250,5,47.1883,1200,1
3125,31.9919,32.0430,4096,256.6250,5,47.1883,1200,1
3126,31.9919,32.0430,4096,256.6250,5,47.1883,1201,1
3127,31.9919,32.0430,4096,256.6250,5,47.1883,1201,1
3128,31.9919,32.0430,4096,256.6250,5,47.1883,1201,1
3129,31.9919,32.0430,4096,256.6250,5,47.1883,1202,1
3130,31.9919,32.0430,4096,256.6250,5,47.1883,1203,1
3131,31.9919,32.0430,4096,256.6250,5,47.1883,1204,1
3132,31.9919,32.0430,4096,256.6250,5,47.1883,1205,1
3133,31.9919,32.0430,4096,256.6250,5,47.1883,1205,1
3134,31.9919,32.0430,4096,256.6250,5,47.1883,1205,1
3135,31.9919,32.0430,4096,256.6250,5,47.1883,1205,1
3136,31.9919,32.0430,4096,256.6250,5,47.1883,1205,1
3137,31.9919,32.0430,4096,256.6250,5,47.1883,1205,1
3138,31.9919,32.0430,4096,256.6250,5,47.1883,1205,1
3139,31.9919,32.0430,4096,256.6250,5,47.1883,1205,1
3140,31.9919,32.0430,4096,256.6250,5,47.1883,1206,1
3141,31.9919,32.0430,4096,256.6250,5,47.1883,1206,1
3142,31.9919,32.0430,4096,256.6250,5,47.1883,1206,1
3143,31.9919,32.0430,4096,256.6250,5,47.1883,1206,1
3144,31.9919,32.0430,4096,256.6250,5,47.1883,1206,1
3145,31.9919,32.0430,4096,256.6250,5,47.1883,1206,1
3146,31.9919,32.0430,4096,256.6250,5,47.1883,1207,1
3147,31.9919,32.0430,4096,256.6250,5,47.1883,1207,1
3148,31.9919,32.0430,4096,256.6250,5,47.1883,1207,1
3149,31.9919,32.0430,4096,256.6250,5,47.1883,1207,1
3150,31.9919,32.0430,4096,256.6250,5,47.1883,1208,1
3151,31.9919,32.0430,4096,256.6250,5,47.1883,1208,1
3152,31.9919,32.0430,4096,256.6250,5,47.1883,1208,1
3153,31.9919,32.0430,4096,256.6250,5,47.1883,1208,1
3154,31.9919,32.0430,4096,256.6250,5,47.1883,1209,1
3155,31.9919,32.0430,4096,256.6250,5,47.1883,1209,1
3156,31.9919,32.0430,4096,256.6250,5,47.1883,1209,1
3157,31.9919,32.0430,4096,256.6250,5,47.1883,1209,1
3158,31.9919,32.0430,4096,256.6250,5,47.1883,1209,1
3159,31.9919,32.0430,4096,256.6250,5,47.1883,1209,1
3160,31.9919,32.0430,4096,256.6250,5,47.1883,1210,1
3161,31.9919,32.0430,4096,256.6250,5,47.1883,1210,1
3162,31.9919,32.0430,4096,256.6250,5,47.1883,1210,1
3163,31.9919,32.0430,4096,256.6250,5,47.1883,1210,1
3164,31.9919,32.0430,4096,256.6250,5,47.1883,1210,1
3165,31.9919,32.0430,4096,256.6250,5,47.1883,1210,1
3166,31.9919,32.0430,4096,256.6250,5,47.1883,1210,1
3167,31.9919,32.0430,4096,256.6250,5,47.1883,1210,1
3168,31.9919,32.0430,4096,256.6250,5,47.1883,1210,1
3169,31.9919,32.0430,4096,256.6250,5,47.1883,1210,1
3170,31.9919,32.0430,4096,256.6250,5,47.1883,1211,1
3171,31.9919,32.0430,4096,256.6250,5,47.1883,1211,1
3172,31.9919,32.0430,4096,256.6250,5,47.1883,1212,1
3173,31.9919,32.0430,4096,256.6250,5,47.1883,1212,1
3174,31.9919,32.0430,4096,256.6250,5,47.1883,1213,1
3175,31.9919,32.0430,4096,256.6250,5,47.1883,1214,1
3176,31.9919,32.0430,4096,256.6250,5,47.1883,1214,1
3177,31.9919,32.0430,4096,256.6250,5,47.1883,1214,1
3178,31.9919,32.0430,4096,256.6250,5,47.1883,1214,1
3179,31.9919,32.0430,4096,256.6250,5,47.1883,1214,1
3180,31.9919,32.0430,4096,256.6250,5,47.1883,1214,1
3181,31.9919,32.0430,4096,256.6250,5,47.1883,1214,1
3182,31.9919,32.0430,4096,256.6250,5,47.1883,1214,1
3183,31.9919,32.0430,4096,256.6250,5,47.1883,1214,1
3184,31.9919,32.0430,4096,256.6250,5,47.1883,1214,1
3185,31.9919,32.0430,4096,256.6250,5,47.1883,1214,1
3186,31.9919,32.0430,4096,256.6250,5,47.1883,1214,1
3187,31.9919,32.0430,4096,256.6250,5,47.1883,1214,1
3188,31.9919,32.0430,4096,256.6250,5,47.1883,1214,1
3189,31.9919,32.0430,4096,256.6250,5,47.1883,1214,1
3190,31.9919,32.0430,4096,256.6250,5,47.1883,1215,1
3191,31.9919,32.0430,4096,256.6250,5,47.1883,1215,1
3192,31.9919,32.0430,4096,256.6250,5,47.1883,1215,1
3193,31.9919,32.0430,4096,256.6250,5,47.1883,1215,1
3194,31.9919,32.0430,4096,256.6250,5,47.1883,1216,1
3195,31.9919,32.0430,4096,256.6250,5,47.1883,1216,1
3196,31.9919,32.0430,4096,256.6250,5,47.1883,1217,1
3197,31.9919,32.0430,4096,256.6250,5,47.1883,1218,1
3198,31.9919,32.0430,4096,256.6250,5,47.1883,1219,1
3199,31.9919,32.0430,4096,256.6250,5,47.1883,1219,1
3200,31.9919,32.0430,4096,256.6250,5,47.1883,1219,1
3201,31.9919,32.0430,4096,256.6250,5,47.1883,1219,1
3202,31.9919,32.0430,4096,256.6250,5,47.1883,1220,1
3203,31.9919,32.0430,4096,256.6250,5,47.1883,1220,1
3204,31.9919,32.0430,4096,256.6250,5,47.1883,1220,1
3205,31.9919,32.0430,4096,256.6250,5,47.1883,1221,1
3206,31.9919,32.0430,4096,256.6250,5,47.1883,1221,1
3207,31.9919,32.0430,4096,256.6250,5,47.1883,1222,1
3208,31.9919,32.0430,4096,256.6250,5,47.1883,1222,1
3209,31.9919,32.0430,4096,256.6250,5,47.1883,1222,1
3210,31.9919,32.0430,4096,256.6250,5,47.1883,1222,1
3211,31.9919,32.0430,4096,256.6250,5,47.1883,1222,1
3212,31.9919,32.0430,4096,256.6250,5,47.1883,1222,1
3213,31.9919,32.0430,4096,256.6250,5,47.1883,1222,1
3214,31.9919,32.0430,4096,256.6250,5,47.1883,1222,1
3215,31.9919,32.0430,4096,256.6250,5,47.1883,1222,1
3216,31.9919,32.0430,4096,256.6250,5,47.1883,1222,1
3217,31.9919,32.0430,4096,256.6250,5,47.1883,1222,1
3218,31.9919,32.0430,4096,256.6250,5,47.1883,1222,1
3219,31.9919,32.0430,4096,256.6250,5,47.1883,1222,1
3220,31.9919,32.0430,4096,256.6250,5,47.1883,1223,1
3221,31.9919,32.0430,4096,256.6250,5,47.1883,1223,1
3222,31.9919,32.0430,4096,256.6250,5,47.1883,1223,1
3223,31.9919,32.0430,4096,256.6250,5,47.1883,1224,1
3224,31.9919,32.0430,4096,256.6250,5,47.1883,1225,1
3225,31.9919,32.0430,4096,256.6250,5,47.1883,1225,1
3226,31.9919,32.0430,4096,256.6250,5,47.1883,1225,1
3227,31.9919,32.0430,4096,256.6250,5,47.1883,1225,1
3228,31.9919,32.0430,4096,256.6250,5,47.1883,1225,1
3229,31.9919,32.0430,4096,256.6250,5,47.1883,1226,1
3230,31.9919,32.0430,4096,256.6250,5,47.1883,1227,1
3231,31.9919,32.0430,4096,256.6250,5,47.1883,1227,1
3232,31.9919,32.0430,4096,256.6250,5,47.1883,1227,1
3233,31.9919,32.0430,4096,256.6250,5,47.1883,1227,1
3234,31.9919,32.0430,4096,256.6250,5,47.1883,1227,1
3235,31.9919,32.0430,4096,256.6250,5,47.1883,1227,1
3236,31.9919,32.0430,4096,256.6250,5,47.1883,1227,1
3237,31.9919,32.0430,4096,256.6250,5,47.1883,1227,1
3238,31.9919,32.0430,4096,256.6250,5,47.1883,1227,1
3239,31.9919,32.0430,4096,256.6250,5,47.1883,1227,1
3240,31.9919,32.0430,4096,256.6250,5,47.1883,1227,1
3241,31.9919,32.0430,4096,256.6250,5,47.1883,1227,1
3242,31.9919,32.0430,4096,256.6250,5,47.1883,1227,1
3243,31.9919,32.0430,4096,256.6250,5,47.1883,1228,1
3244,31.9919,32.0430,4096,256.6250,5,47.1883,1228,1
3245,31.9919,32.0430,4096,256.6250,5,47.1883,1228,1
3246,31.9919,32.0430,4096,256.6250,5,47.1883,1228,1
3247,31.9919,32.0430,4096,256.6250,5,47.1883,1228,1
3248,31.9919,32.0430,4096,256.6250,5,47.1883,1228,1
3249,31.9919,32.0430,4096,256.6250,5,47.1883,1228,1
3250,31.9919,32.0430,4096,256.6250,5,47.1883,1228,1
3251,31.9919,32.0430,4096,256.6250,5,47.1883,1229,1
3252,31.9919,32.0430,4096,256.6250,5,47.1883,1229,1
3253,31.9919,32.0430,4096,256.6250,5,47.1883,1229,1
3254,31.9919,32.0430,4096,256.6250,5,47.1883,1229,1
3255,31.9919,32.0430,4096,256.6250,5,47.1883,1229,1
3256,31.9919,32.0430,4096,256.6250,5,47.1883,1230,1
3257,31.9919,32.0430,4096,256.6250,5,47.1883,1231,1
3258,31.9919,32.0430,4096,256.6250,5,47.1883,1231,1
3259,31.9919,32.0430,4096,256.6250,5,47.1883,1232,1
3260,31.9919,32.0430,4096,256.6250,5,47.1883,1232,1
3261,31.9919,32.0430,4096,256.6250,5,47.1883,1232,1
3262,31.9919,32.0430,4096,256.6250,5,47.1883,1233,1
3263,31.9919,32.0430,4096,256.6250,5,47.1883,1234,1
3264,31.9919,32.0430,4096,256.6250,5,47.1883,1234,1
3265,31.9919,32.0430,4096,256.6250,5,47.1883,1235,1
3266,31.9919,32.0430,4096,256.6250,5,47.1883,1235,1
3267,31.9919,32.0430,4096,256.6250,5,47.1883,1235,1
3268,31.9919,32.0430,4096,256.6250,5,47.1883,1236,1
3269,31.9919,32.0430,4096,256.6250,5,47.1883,1236,1
3270,31.9919,32.0430,4096,256.6250,5,47.1883,1237,1
3271,31.9919,32.0430,4096,256.6250,5,47.1883,1237,1
3272,31.9919,32.0430,4096,256.6250,5,47.1883,1238,1
3273,31.9919,32.0430,4096,256.6250,5,47.1883,1239,1
3274,31.9919,32.0430,4096,256.6250,5,47.1883,1239,1
3275,31.9919,32.0430,4096,256.6250,5,47.1883,1239,1
3276,31.9919,32.0430,4096,256.6250,5,47.1883,1240,1
3277,31.9919,32.0430,4096,256.6250,5,47.1883,1240,1
3278,31.9919,32.0430,4096,256.6250,5,47.1883,1241,1
3279,31.9919,32.0430,4096,256.6250,5,47.1883,1241,1
3280,31.9919,32.0430,4096,256.6250,5,47.1883,1241,1
3281,31.9919,32.0430,4096,256.6250,5,47.1883,1241,1
3282,31.9919,32.0430,4096,256.6250,5,47.1883,1241,1
3283,31.9919,32.0430,4096,256.6250,5,47.1883,1241,1
3284,31.9919,32.0430,4096,256.6250,5,47.1883,1241,1
3285,31.9919,32.0430,4096,256.6250,5,47.1883,1241,1
3286,31.9919,32.0430,4096,256.6250,5,47.1883,1241,1
3287,31.9919,32.0430,4096,256.6250,5,47.1883,1241,1
3288,31.9919,32.0430,4096,256.6250,5,47.1883,1242,1
3289,31.9919,32.0430,4096,256.6250,5,47.1883,1242,1
3290,31.9919,32.0430,4096,256.6250,5,47.1883,1243,1
3291,31.9919,32.0430,4096,256.6250,5,47.1883,1244,1
3292,31.9919,32.0430,4096,256.6250,5,47.1883,1245,1
3293,31.9919,32.0430,4096,256.6250,5,47.1883,1245,1
3294,31.9919,32.0430,4096,256.6250,5,47.1883,1245,1
3295,31.9919,32.0430,4096,256.6250,5,47.1883,1245,1
3296,31.9919,32.0430,4096,256.6250,5,47.1883,1246,1
3297,31.9919,32.0430,4096,256.6250,5,47.1883,1246,1
3298,31.9919,32.0430,4096,256.6250,5,47.1883,1247,1
3299,31.9919,32.0430,4096,256.6250,5,47.1883,1247,1
3300,31.9919,32.0430,4096,256.6250,5,47.1883,1247,1
3301,31.9919,32.0430,4096,256.6250,5,47.1883,1247,1
3302,31.9919,32.0430,4096,256.6250,5,47.1883,1248,1
3303,31.9919,32.0430,4096,256.6250,5,47.1883,1248,1
3304,31.9919,32.0430,4096,256.6250,5,47.1883,1249,1
3305,31.9919,32.0430,4096,256.6250,5,47.1883,1249,1
3306,31.9919,32.0430,4096,256.6250,5,47.1883,1249,1
3307,31.9919,32.0430,4096,256.6250,5,47.1883,1249,1
3308,31.9919,32.0430,4096,256.6250,5,47.1883,1249,1
3309,31.9919,32.0430,4096,256.6250,5,47.1883,1249,1
3310,31.9919,32.0430,4096,256.6250,5,47.1883,1249,1
3311,31.9919,32.0430,4096,256.6250,5,47.1883,1249,1
3312,31.9919,32.0430,4096,256.6250,5,47.1883,1250,1
3313,31.9919,32.0430,4096,256.6250,5,47.1883,1250,1
3314,31.9919,32.0430,4096,256.6250,5,47.1883,1250,1
3315,31.9919,32.0430,4096,256.6250,5,47.1883,1250,1
3316,31.9919,32.0430,4096,256.6250,5,47.1883,1250,1
3317,31.9919,32.0430,4096,256.6250,5,47.1883,1250,1
3318,31.9919,32.0430,4096,256.6250,5,47.1883,1251,1
3319,31.9919,32.0430,4096,256.6250,5,47.1883,1251,1
3320,31.9919,32.0430,4096,256.6250,5,47.1883,1251,1
3321,31.9919,32.0430,4096,256.6250,5,47.1883,1251,1
3322,31.9919,32.0430,4096,256.6250,5,47.1883,1251,1
3323,31.9919,32.0430,4096,256.6250,5,47.1883,1251,1
3324,31.9919,32.0430,4096,256.6250,5,47.1883,1252,1
3325,31.9919,32.0430,4096,256.6250,5,47.1883,1252,1
3326,31.9919,32.0430,4096,256.6250,5,47.1883,1252,1
3327,31.9919,32.0430,4096,256.6250,5,47.1883,1252,1
3328,31.9919,32.0430,4096,256.6250,5,47.1883,1253,1
3329,31.9919,32.0430,4096,256.6250,5,47.1883,1253,1
3330,31.9919,32.0430,4096,256.6250,5,47.1883,1253,1
3331,31.9919,32.0430,4096,256.6250,5,47.1883,1253,1
3332,31.9919,32.0430,4096,256.6250,5,47.1883,1254,1
3333,31.9919,32.0430,4096,256.6250,5,47.1883,1254,1
3334,31.9919,32.0430,4096,256.6250,5,47.1883,1254,1
3335,31.9919,32.0430,4096,256.6250,5,47.1883,1254,1
3336,31.9919,32.0430,4096,256.6250,5,47.1883,1254,1
3337,31.9919,32.0430,4096,256.6250,5,47.1883,1254,1
3338,31.9919,32.0430,4096,256.6250,5,47.1883,1254,1
3339,31.9919,32.0430,4096,256.6250,5,47.1883,1254,1
3340,31.9919,32.0430,4096,256.6250,5,47.1883,1255,1
3341,31.9919,32.0430,4096,256.6250,5,47.1883,1255,1
3342,31.9919,32.0430,4096,256.6250,5,47.1883,1255,1
3343,31.9919,32.0430,4096,256.6250,5,47.1883,1255,1
3344,31.9919,32.0430,4096,256.6250,5,47.1883,1256,1
3345,31.9919,32.0430,4096,256.6250,5,47.1883,1256,1
3346,31.9919,32.0430,4096,256.6250,5,47.1883,1257,1
3347,31.9919,32.0430,4096,256.6250,5,47.1883,1258,1
3348,31.9919,32.0430,4096,256.6250,5,47.1883,1259,1
3349,31.9919,32.0430,4096,256.6250,5,47.1883,1260,1
3350,31.9919,32.0430,4096,256.6250,5,47.1883,1260,1
3351,31.9919,32.0430,4096,256.6250,5,47.1883,1260,1
3352,31.9919,32.0430,4096,256.6250,5,47.1883,1260,1
3353,31.9919,32.0430,4096,256.6250,5,47.1883,1260,1
3354,31.9919,32.0430,4096,256.6250,5,47.1883,1260,1
3355,31.9919,32.0430,4096,256.6250,5,47.1883,1260,1
3356,31.9919,32.0430,4096,256.6250,5,47.1883,1260,1
3357,31.9919,32.0430,4096,256.6250,5,47.1883,1260,1
3358,31.9919,32.0430,4096,256.6250,5,47.1883,1260,1
3359,31.9919,32.0430,4096,256.6250,5,47.1883,1260,1
3360,31.9919,32.0430,4096,256.6250,5,47.1883,1260,1
3361,31.9919,32.0430,4096,256.6250,5,47.1883,1260,1
3362,31.9919,32.0430,4096,256.6250,5,47.1883,1260,1
3363,31.9919,32.0430,4096,256.6250,5,47.1883,1260,1
3364,31.9919,32.0430,4096,256.6250,5,47.1883,1260,1
3365,31.9919,32.0430,4096,256.6250,5,47.1883,1260,1
3366,31.9919,32.0430,4096,256.6250,5,47.1883,1260,1
3367,31.9919,32.0430,4096,256.6250,5,47.1883,1261,1
3368,31.9919,32.0430,4096,256.6250,5,47.1883,1261,1
3369,31.9919,32.0430,4096,256.6250,5,47.1883,1261,1
3370,31.9919,32.0430,4096,256.6250,5,47.1883,1262,1
3371,31.9919,32.0430,4096,256.6250,5,47.1883,1263,1
3372,31.9919,32.0430,4096,256.6250,5,47.1883,1264,1
3373,31.9919,32.0430,4096,256.6250,5,47.1883,1264,1
3374,31.9919,32.0430,4096,256.6250,5,47.1883,1264,1
3375,31.9919,32.0430,4096,256.6250,5,47.1883,1264,1
3376,31.9919,32.0430,4096,256.6250,5,47.1883,1264,1
3377,31.9919,32.0430,4096,256.6250,5,47.1883,1264,1
3378,31.9919,32.0430,4096,256.6250,5,47.1883,1264,1
3379,31.9919,32.0430,4096,256.6250,5,47.1883,1264,1
3380,31.9919,32.0430,4096,256.6250,5,47.1883,1264,1
3381,31.9919,32.0430,4096,256.6250,5,47.1883,1264,1
3382,31.9919,32.0430,4096,256.6250,5,47.1883,1264,1
3383,31.9919,32.0430,4096,256.6250,5,47.1883,1264,1
3384,31.9919,32.0430,4096,256.6250,5,47.1883,1265,1
3385,31.9919,32.0430,4096,256.6250,5,47.1883,1265,1
3386,31.9919,32.0430,4096,256.6250,5,47.1883,1266,1
3387,31.9919,32.0430,4096,256.6250,5,47.1883,1266,1
3388,31.9919,32.0430,4096,256.6250,5,47.1883,1266,1
3389,31.9919,32.0430,4096,256.6250,5,47.1883,1266,1
3390,31.9919,32.0430,4096,256.6250,5,47.1883,1267,1
3391,31.9919,32.0430,4096,256.6250,5,47.1883,1268,1
3392,31.9919,32.0430,4096,256.6250,5,47.1883,1269,1
3393,31.9919,32.0430,4096,256.6250,5,47.1883,1269,1
3394,31.9919,32.0430,4096,256.6250,5,47.1883,1269,1
3395,31.9919,32.0430,4096,256.6250,5,47.1883,1270,1
3396,31.9919,32.0430,4096,256.6250,5,47.1883,1271,1
3397,31.9919,32.0430,4096,256.6250,5,47.1883,1271,1
3398,31.9919,32.0430,4096,256.6250,5,47.1883,1271,1
3399,31.9919,32.0430,4096,256.6250,5,47.1883,1271,1
3400,31.9919,32.0430,4096,256.6250,5,47.1883,1271,1
3401,31.9919,32.0430,4096,256.6250,5,47.1883,1271,1
3402,31.9919,32.0430,4096,256.6250,5,47.1883,1271,1
3403,31.9919,32.0430,4096,256.6250,5,47.1883,1271,1
3404,31.9919,32.0430,4096,256.6250,5,47.1883,1271,1
3405,31.9919,32.0430,4096,256.6250,5,47.1883,1271,1
3406,31.9919,32.0430,4096,256.6250,5,47.1883,1271,1
3407,31.9919,32.0430,4096,256.6250,5,47.1883,1271,1
3408,31.9919,32.0430,4096,256.6250,5,47.1883,1271,1
3409,31.9919,32.0430,4096,256.6250,5,47.1883,1271,1
3410,31.9919,32.0430,4096,256.6250,5,47.1883,1272,1
3411,31.9919,32.0430,4096,256.6250,5,47.1883,1272,1
3412,31.9919,32.0430,4096,256.6250,5,47.1883,1272,1
3413,31.9919,32.0430,4096,256.6250,5,47.1883,1272,1
3414,31.9919,32.0430,4096,256.6250,5,47.1883,1273,1
3415,31.9919,32.0430,4096,256.6250,5,47.1883,1274,1
3416,31.9919,32.0430,4096,256.6250,5,47.1883,1274,1
3417,31.9919,32.0430,4096,256.6250,5,47.1883,1275,1
3418,31.9919,32.0430,4096,256.6250,5,47.1883,1275,1
3419,31.9919,32.0430,4096,256.6250,5,47.1883,1275,1
3420,31.9919,32.0430,4096,256.6250,5,47.1883,1276,1
3421,31.9919,32.0430,4096,256.6250,5,47.1883,1276,1
3422,31.9919,32.0430,4096,256.6250,5,47.1883,1277,1
3423,31.9919,32.0430,4096,256.6250,5,47.1883,1277,1
3424,31.9919,32.0430,4096,256.6250,5,47.1883,1277,1
3425,31.9919,32.0430,4096,256.6250,5,47.1883,1277,1
3426,31.9919,32.0430,4096,256.6250,5,47.1883,1277,1
3427,31.9919,32.0430,4096,256.6250,5,47.1883,1278,1
3428,31.9919,32.0430,4096,256.6250,5,47.1883,1278,1
3429,31.9919,32.0430,4096,256.6250,5,47.1883,1279,1
3430,31.9919,32.0430,4096,256.6250,5,47.1883,1279,1
3431,31.9919,32.0430,4096,256.6250,5,47.1883,1280,1
3432,31.9919,32.0430,4096,256.6250,5,47.1883,1281,1
3433,31.9919,32.0430,4096,256.6250,5,47.1883,1281,1
3434,31.9919,32.0430,4096,256.6250,5,47.1883,1282,1
3435,31.9919,32.0430,4096,256.6250,5,47.1883,1282,1
3436,31.9919,32.0430,4096,256.6250,5,47.1883,1282,1
3437,31.9919,32.0430,4096,256.6250,5,47.1883,1283,1
3438,31.9919,32.0430,4096,256.6250,5,47.1883,1283,1
3439,31.9919,32.0430,4096,256.6250,5,47.1883,1283,1
3440,31.9919,32.0430,4096,256.6250,5,47.1883,1284,1
3441,31.9919,32.0430,4096,256.6250,5,47.1883,1285,1
3442,31.9919,32.0430,4096,256.6250,5,47.1883,1285,1
3443,31.9919,32.0430,4096,256.6250,5,47.1883,1285,1
3444,31.9919,32.0430,4096,256.6250,5,47.1883,1285,1
3445,31.9919,32.0430,4096,256.6250,5,47.1883,1285,1
3446,31.9919,32.0430,4096,256.6250,5,47.1883,1285,1
3447,31.9919,32.0430,4096,256.6250,5,47.1883,1285,1
3448,31.9919,32.0430,4096,256.6250,5,47.1883,1285,1
3449,31.9919,32.0430,4096,256.6250,5,47.1883,1285,1
3450,31.9919,32.0430,4096,256.6250,5,47.1883,1285,1
3451,31.9919,32.0430,4096,256.6250,5,47.1883,1286,1
3452,31.9919,32.0430,4096,256.6250,5,47.1883,1286,1
3453,31.9919,32.0430,4096,256.6250,5,47.1883,1286,1
3454,31.9919,32.0430,4096,256.6250,5,47.1883,1286,1
3455,31.9919,32.0430,4096,256.6250,5,47.1883,1286,1
3456,31.9919,32.0430,4096,256.6250,5,47.1883,1287,1
3457,31.9919,32.0430,4096,256.6250,5,47.1883,1287,1
3458,31.9919,32.0430,4096,256.6250,5,47.1883,1287,1
3459,31.9919,32.0430,4096,256.6250,5,47.1883,1287,1
3460,31.9919,32.0430,4096,256.6250,5,47.1883,1287,1
3461,31.9919,32.0430,4096,256.6250,5,47.1883,1287,1
3462,31.9919,32.0430,4096,256.6250,5,47.1883,1287,1
3463,31.9919,32.0430,4096,256.6250,5,47.1883,1288,1
3464,31.9919,32.0430,4096,256.6250,5,47.1883,1288,1
3465,31.9919,32.0430,4096,256.6250,5,47.1883,1288,1
3466,31.9919,32.0430,4096,256.6250,5,47.1883,1288,1
3467,31.9919,32.0430,4096,256.6250,5,47.1883,1288,1
3468,31.9919,32.0430,4096,256.6250,5,47.1883,1288,1
3469,31.9919,32.0430,4096,256.6250,5,47.1883,1288,1
3470,31.9919,32.0430,4096,256.6250,5,47.1883,1289,1
3471,31.9919,32.0430,4096,256.6250,5,47.1883,1289,1
3472,31.9919,32.0430,4096,256.6250,5,47.1883,1289,1
3473,31.9919,32.0430,4096,256.6250,5,47.1883,1289,1
3474,31.9919,32.0430,4096,256.6250,5,47.1883,1289,1
3475,31.9919,32.0430,4096,256.6250,5,47.1883,1289,1
3476,31.9919,32.0430,4096,256.6250,5,47.1883,1289,1
3477,31.9919,32.0430,4096,256.6250,5,47.1883,1289,1
3478,31.9919,32.0430,4096,256.6250,5,47.1883,1289,1
3479,31.9919,32.0430,4096,256.6250,5,47.1883,1289,1
3480,31.9919,32.0430,4096,256.6250,5,47.1883,1289,1
3481,31.9919,32.0430,4096,256.6250,5,47.1883,1289,1
3482,31.9919,32.0430,4096,256.6250,5,47.1883,1290,1
3483,31.9919,32.0430,4096,256.6250,5,47.1883,1290,1
3484,31.9919,32.0430,4096,256.6250,5,47.1883,1290,1
3485,31.9919,32.0430,4096,256.6250,5,47.1883,1290,1
3486,31.9919,32.0430,4096,256.6250,5,47.1883,1290,1
3487,31.9919,32.0430,4096,256.6250,5,47.1883,1290,1
3488,31.9919,32.0430,4096,256.6250,5,47.1883,1291,1
3489,31.9919,32.0430,4096,256.6250,5,47.1883,1291,1
3490,31.9919,32.0430,4096,256.6250,5,47.1883,1291,1
3491,31.9919,32.0430,4096,256.6250,5,47.1883,1291,1
3492,31.9919,32.0430,4096,256.6250,5,47.1883,1291,1
3493,31.9919,32.0430,4096,256.6250,5,47.1883,1292,1
3494,31.9919,32.0430,4096,256.6250,5,47.1883,1292,1
3495,31.9919,32.0430,4096,256.6250,5,47.1883,1292,1
3496,31.9919,32.0430,4096,256.6250,5,47.1883,1292,1
3497,31.9919,32.0430,4096,256.6250,5,47.1883,1292,1
3498,31.9919,32.0430,4096,256.6250,5,47.1883,1292,1
3499,31.9919,32.0430,4096,256.6250,5,47.1883,1292,1
3500,31.9919,32.0430,4096,256.6250,5,47.1883,1292,1
3501,31.9919,32.0430,4096,256.6250,5,47.1883,1292,1
3502,31.9919,32.0430,4096,256.6250,5,47.1883,1292,1
3503,31.9919,32.0430,4096,256.6250,5,47.1883,1293,1
3504,31.9919,32.0430,4096,256.6250,5,47.1883,1293,1
3505,31.9919,32.0430,4096,256.6250,5,47.1883,1294,1
3506,31.9919,32.0430,4096,256.6250,5,47.1883,1295,1
3507,31.9919,32.0430,4096,256.6250,5,47.1883,1295,1
3508,31.9919,32.0430,4096,256.6250,5,47.1883,1295,1
3509,31.9919,32.0430,4096,256.6250,5,47.1883,1295,1
3510,31.9919,32.0430,4096,256.6250,5,47.1883,1296,1
3511,31.9919,32.0430,4096,256.6250,5,47.1883,1296,1
3512,31.9919,32.0430,4096,256.6250,5,47.1883,1296,1
3513,31.9919,32.0430,4096,256.6250,5,47.1883,1296,1
3514,31.9919,32.0430,4096,256.6250,5,47.1883,1296,1
3515,31.9919,32.0430,4096,256.6250,5,47.1883,1296,1
3516,31.9919,32.0430,4096,256.6250,5,47.1883,1296,1
3517,31.9919,32.0430,4096,256.6250,5,47.1883,1296,1
3518,31.9919,32.0430,4096,256.6250,5,47.1883,1296,1
3519,31.9919,32.0430,4096,256.6250,5,47.1883,1296,1
3520,31.9919,32.0430,4096,256.6250,5,47.1883,1297,1
3521,31.9919,32.0430,4096,256.6250,5,47.1883,1297,1
3522,31.9919,32.0430,4096,256.6250,5,47.1883,1297,1
3523,31.9919,32.0430,4096,256.6250,5,47.1883,1297,1
3524,31.9919,32.0430,4096,256.6250,5,47.1883,1298,1
3525,31.9919,32.0430,4096,256.6250,5,47.1883,1299,1
3526,31.9919,32.0430,4096,256.6250,5,47.1883,1300,1
3527,31.9919,32.0430,4096,256.6250,5,47.1883,1300,1
3528,31.9919,32.0430,4096,256.6250,5,47.1883,1300,1
3529,31.9919,32.0430,4096,256.6250,5,47.1883,1300,1
3530,31.9919,32.0430,4096,256.6250,5,47.1883,1300,1
3531,31.9919,32.0430,4096,256.6250,5,47.1883,1301,1
3532,31.9919,32.0430,4096,256.6250,5,47.1883,1301,1
3533,31.9919,32.0430,4096,256.6250,5,47.1883,1302,1
3534,31.9919,32.0430,4096,256.6250,5,47.1883,1303,1
3535,31.9919,32.0430,4096,256.6250,5,47.1883,1303,1
3536,31.9919,32.0430,4096,256.6250,5,47.1883,1303,1
3537,31.9919,32.0430,4096,256.6250,5,47.1883,1304,1
3538,31.9919,32.0430,4096,256.6250,5,47.1883,1304,1
3539,31.9919,32.0430,4096,256.6250,5,47.1883,1304,1
3540,31.9919,32.0430,4096,256.6250,5,47.1883,1305,1
3541,31.9919,32.0430,4096,256.6250,5,47.1883,1305,1
3542,31.9919,32.0430,4096,256.6250,5,47.1883,1305,1
3543,31.9919,32.0430,4096,256.6250,5,47.1883,1306,1
3544,31.9919,32.0430,4096,256.6250,5,47.1883,1306,1
3545,31.9919,32.0430,4096,256.6250,5,47.1883,1306,1
3546,31.9919,32.0430,4096,256.6250,5,47.1883,1307,1
3547,31.9919,32.0430,4096,256.6250,5,47.1883,1307,1
3548,31.9919,32.0430,4096,256.6250,5,47.1883,1307,1
3549,31.9919,32.0430,4096,256.6250,5,47.1883,1307,1
3550,31.9919,32.0430,4096,256.6250,5,47.1883,1308,1
3551,31.9919,32.0430,4096,256.6250,5,47.1883,1308,1
3552,31.9919,32.0430,4096,256.6250,5,47.1883,1309,1
3553,31.9919,32.0430,4096,256.6250,5,47.1883,1309,1
3554,31.9919,32.0430,4096,256.6250,5,47.1883,1309,1
3555,31.9919,32.0430,4096,256.6250,5,47.1883,1309,1
3556,31.9919,32.0430,4096,256.6250,5,47.1883,1309,1
3557,31.9919,32.0430,4096,256.6250,5,47.1883,1309,1
3558,31.9919,32.0430,4096,256.6250,5,47.1883,1309,1
3559,31.9919,32.0430,4096,256.6250,5,47.1883,1309,1
3560,31.9919,32.0430,4096,256.6250,5,47.1883,1309,1
3561,31.9919,32.0430,4096,256.6250,5,47.1883,1310,1
3562,31.9919,32.0430,4096,256.6250,5,47.1883,1310,1
3563,31.9919,32.0430,4096,256.6250,5,47.1883,1310,1
3564,31.9919,32.0430,4096,256.6250,5,47.1883,1310,1
3565,31.9919,32.0430,4096,256.6250,5,47.1883,1310,1
3566,31.9919,32.0430,4096,256.6250,5,47.1883,1310,1
3567,31.9919,32.0430,4096,256.6250,5,47.1883,1310,1
3568,31.9919,32.0430,4096,256.6250,5,47.1883,1311,1
3569,31.9919,32.0430,4096,256.6250,5,47.1883,1311,1
3570,31.9919,32.0430,4096,256.6250,5,47.1883,1311,1
3571,31.9919,32.0430,4096,256.6250,5,47.1883,1311,1
3572,31.9919,32.0430,4096,256.6250,5,47.1883,1312,1
3573,31.9919,32.0430,4096,256.6250,5,47.1883,1312,1
3574,31.9919,32.0430,4096,256.6250,5,47.1883,1312,1
3575,31.9919,32.0430,4096,256.6250,5,47.1883,1312,1
3576,31.9919,32.0430,4096,256.6250,5,47.1883,1312,1
3577,31.9919,32.0430,4096,256.6250,5,47.1883,1313,1
3578,31.9919,32.0430,4096,256.6250,5,47.1883,1313,1
3579,31.9919,32.0430,4096,256.6250,5,47.1883,1313,1
3580,31.9919,32.0430,4096,256.6250,5,47.1883,1313,1
3581,31.9919,32.0430,4096,256.6250,5,47.1883,1313,1
3582,31.9919,32.0430,4096,256.6250,5,47.1883,1313,1
3583,31.9919,32.0430,4096,256.6250,5,47.1883,1313,1
3584,31.9919,32.0430,4096,256.6250,5,47.1883,1313,1
3585,31.9919,32.0430,4096,256.6250,5,47.1883,1314,1
3586,31.9919,32.0430,4096,256.6250,5,47.1883,1315,1
3587,31.9919,32.0430,4096,256.6250,5,47.1883,1315,1
3588,31.9919,32.0430,4096,256.6250,5,47.1883,1315,1
3589,31.9919,32.0430,4096,256.6250,5,47.1883,1316,1
3590,31.9919,32.0430,4096,256.6250,5,47.1883,1316,1
3591,31.9919,32.0430,4096,256.6250,5,47.1883,1317,1
3592,31.9919,32.0430,4096,256.6250,5,47.1883,1318,1
3593,31.9919,32.0430,4096,256.6250,5,47.1883,1318,1
3594,31.9919,32.0430,4096,256.6250,5,47.1883,1318,1
3595,31.9919,32.0430,4096,256.6250,5,47.1883,1318,1
3596,31.9919,32.0430,4096,256.6250,5,47.1883,1319,1
3597,31.9919,32.0430,4096,256.6250,5,47.1883,1320,1
3598,31.9919,32.0430,4096,256.6250,5,47.1883,1320,1
3599,31.9919,32.0430,4096,256.6250,5,47.1883,1320,1
3600,31.9919,32.0430,4096,256.6250,5,47.1883,1321,1
3601,31.9919,32.0430,4096,256.6250,5,47.1883,1321,1
3602,31.9919,32.0430,4096,256.6250,5,47.1883,1322,1
3603,31.9919,32.0430,4096,256.6250,5,47.1883,1323,1
3604,31.9919,32.0430,4096,256.6250,5,47.1883,1323,1
3605,31.9919,32.0430,4096,256.6250,5,47.1883,1323,1
3606,31.9919,32.0430,4096,256.6250,5,47.1883,1323,1
3607,31.9919,32.0430,4096,256.6250,5,47.1883,1323,1
3608,31.9919,32.0430,4096,256.6250,5,47.1883,1323,1
3609,31.9919,32.0430,4096,256.6250,5,47.1883,1324,1
3610,31.9919,32.0430,4096,256.6250,5,47.1883,1325,1
3611,31.9919,32.0430,4096,256.6250,5,47.1883,1325,1
3612,31.9919,32.0430,4096,256.6250,5,47.1883,1326,1
3613,31.9919,32.0430,4096,256.6250,5,47.1883,1326,1
3614,31.9919,32.0430,4096,256.6250,5,47.1883,1326,1
3615,31.9919,32.0430,4096,256.6250,5,47.1883,1327,1
3616,31.9919,32.0430,4096,256.6250,5,47.1883,1328,1
3617,31.9919,32.0430,4096,256.6250,5,47.1883,1328,1
3618,31.9919,32.0430,4096,256.6250,5,47.1883,1328,1
3619,31.9919,32.0430,4096,256.6250,5,47.1883,1328,1
3620,31.9919,32.0430,4096,256.6250,5,47.1883,1328,1
3621,31.9919,32.0430,4096,256.6250,5,47.1883,1328,1
3622,31.9919,32.0430,4096,256.6250,5,47.1883,1328,1
3623,31.9919,32.0430,4096,256.6250,5,47.1883,1328,1
3624,31.9919,32.0430,4096,256.6250,5,47.1883,1328,1
3625,31.9919,32.0430,4096,256.6250,5,47.1883,1328,1
3626,31.9919,32.0430,4096,256.6250,5,47.1883,1328,1
3627,31.9919,32.0430,4096,256.6250,5,47.1883,1328,1
3628,31.9919,32.0430,4096,256.6250,5,47.1883,1328,1
3629,31.9919,32.0430,4096,256.6250,5,47.1883,1329,1
3630,31.9919,32.0430,4096,256.6250,5,47.1883,1330,1
3631,31.9919,32.0430,4096,256.6250,5,47.1883,1330,1
3632,31.9919,32.0430,4096,256.6250,5,47.1883,1330,1
3633,31.9919,32.0430,4096,256.6250,5,47.1883,1330,1
3634,31.9919,32.0430,4096,256.6250,5,47.1883,1331,1
3635,31.9919,32.0430,4096,256.6250,5,47.1883,1331,1
3636,31.9919,32.0430,4096,256.6250,5,47.1883,1332,1
3637,31.9919,32.0430,4096,256.6250,5,47.1883,1332,1
3638,31.9919,32.0430,4096,256.6250,5,47.1883,1333,1
3639,31.9919,32.0430,4096,256.6250,5,47.1883,1333,1
3640,31.9919,32.0430,4096,256.6250,5,47.1883,1334,1
3641,31.9919,32.0430,4096,256.6250,5,47.1883,1334,1
3642,31.9919,32.0430,4096,256.6250,5,47.1883,1334,1
3643,31.9919,32.0430,4096,256.6250,5,47.1883,1334,1
3644,31.9919,32.0430,4096,256.6250,5,47.1883,1334,1
3645,31.9919,32.0430,4096,256.6250,5,47.1883,1334,1
3646,31.9919,32.0430,4096,256.6250,5,47.1883,1334,1
3647,31.9919,32.0430,4096,256.6250,5,47.1883,1335,1
3648,31.9919,32.0430,4096,256.6250,5,47.1883,1335,1
3649,31.9919,32.0430,4096,256.6250,5,47.1883,1335,1
3650,31.9919,32.0430,4096,256.6250,5,47.1883,1335,1
3651,31.9919,32.0430,4096,256.6250,5,47.1883,1335,1
3652,31.9919,32.0430,4096,256.6250,5,47.1883,1335,1
3653,31.9919,32.0430,4096,256.6250,5,47.1883,1335,1
3654,31.9919,32.0430,4096,256.6250,5,47.1883,1335,1
3655,31.9919,32.0430,4096,256.6250,5,47.1883,1335,1
3656,31.9919,32.0430,4096,256.6250,5,47.1883,1335,1
3657,31.9919,32.0430,4096,256.6250,5,47.1883,1335,1
3658,31.9919,32.0430,4096,256.6250,5,47.1883,1335,1
3659,31.9919,32.0430,4096,256.6250,5,47.1883,1335,1
3660,31.9919,32.0430,4096,256.6250,5,47.1883,1336,1
3661,31.9919,32.0430,4096,256.6250,5,47.1883,1336,1
3662,31.9919,32.0430,4096,256.6250,5,47.1883,1337,1
3663,31.9919,32.0430,4096,256.6250,5,47.1883,1337,1
3664,31.9919,32.0430,4096,256.6250,5,47.1883,1338,1
3665,31.9919,32.0430,4096,256.6250,5,47.1883,1338,1
3666,31.9919,32.0430,4096,256.6250,5,47.1883,1338,1
3667,31.9919,32.0430,4096,256.6250,5,47.1883,1338,1
3668,31.9919,32.0430,4096,256.6250,5,47.1883,1338,1
3669,31.9919,32.0430,4096,256.6250,5,47.1883,1338,1
3670,31.9919,32.0430,4096,256.6250,5,47.1883,1338,1
3671,31.9919,32.0430,4096,256.6250,5,47.1883,1339,1
3672,31.9919,32.0430,4096,256.6250,5,47.1883,1339,1
3673,31.9919,32.0430,4096,256.6250,5,47.1883,1339,1
3674,31.9919,32.0430,4096,256.6250,5,47.1883,1340,1
3675,31.9919,32.0430,4096,256.6250,5,47.1883,1341,1
3676,31.9919,32.0430,4096,256.6250,5,47.1883,1341,1
3677,31.9919,32.0430,4096,256.6250,5,47.1883,1341,1
3678,31.9919,32.0430,4096,256.6250,5,47.1883,1341,1
3679,31.9919,32.0430,4096,256.6250,5,47.1883,1341,1
3680,31.9919,32.0430,4096,256.6250,5,47.1883,1342,1
3681,31.9919,32.0430,4096,256.6250,5,47.1883,1342,1
3682,31.9919,32.0430,4096,256.6250,5,47.1883,1342,1
3683,31.9919,32.0430,4096,256.6250,5,47.1883,1342,1
3684,31.9919,32.0430,4096,256.6250,5,47.1883,1343,1
3685,31.9919,32.0430,4096,256.6250,5,47.1883,1343,1
3686,31.9919,32.0430,4096,256.6250,5,47.1883,1344,1
3687,31.9919,32.0430,4096,256.6250,5,47.1883,1345,1
3688,31.9919,32.0430,4096,256.6250,5,47.1883,1345,1
3689,31.9919,32.0430,4096,256.6250,5,47.1883,1345,1
3690,31.9919,32.0430,4096,256.6250,5,47.1883,1345,1
3691,31.9919,32.0430,4096,256.6250,5,47.1883,1345,1
3692,31.9919,32.0430,4096,256.6250,5,47.1883,1345,1
3693,31.9919,32.0430,4096,256.6250,5,47.1883,1346,1
3694,31.9919,32.0430,4096,256.6250,5,47.1883,1346,1
3695,31.9919,32.0430,4096,256.6250,5,47.1883,1347,1
3696,31.9919,32.0430,4096,256.6250,5,47.1883,1347,1
3697,31.9919,32.0430,4096,256.6250,5,47.1883,1347,1
3698,31.9919,32.0430,4096,256.6250,5,47.1883,1347,1
3699,31.9919,32.0430,4096,256.6250,5,47.1883,1347,1
3700,31.9919,32.0430,4096,256.6250,5,47.1883,1347,1
3701,31.9919,32.0430,4096,256.6250,5,47.1883,1348,1
3702,31.9919,32.0430,4096,256.6250,5,47.1883,1348,1
3703,31.9919,32.0430,4096,256.6250,5,47.1883,1348,1
3704,31.9919,32.0430,4096,256.6250,5,47.1883,1349,1
3705,31.9919,32.0430,4096,256.6250,5,47.1883,1349,1
3706,31.9919,32.0430,4096,256.6250,5,47.1883,1350,1
3707,31.9919,32.0430,4096,256.6250,5,47.1883,1350,1
3708,31.9919,32.0430,4096,256.6250,5,47.1883,1350,1
3709,31.9919,32.0430,4096,256.6250,5,47.1883,1350,1
3710,31.9919,32.0430,4096,256.6250,5,47.1883,1351,1
3711,31.9919,32.0430,4096,256.6250,5,47.1883,1351,1
3712,31.9919,32.0430,4096,256.6250,5,47.1883,1352,1
3713,31.9919,32.0430,4096,256.6250,5,47.1883,1352,1
3714,31.9919,32.0430,4096,256.6250,5,47.1883,1352,1
3715,31.9919,32.0430,4096,256.6250,5,47.1883,1352,1
3716,31.9919,32.0430,4096,256.6250,5,47.1883,1353,1
3717,31.9919,32.0430,4096,256.6250,5,47.1883,1353,1
3718,31.9919,32.0430,4096,256.6250,5,47.1883,1353,1
3719,31.9919,32.0430,4096,256.6250,5,47.1883,1354,1
3720,31.9919,32.0430,4096,256.6250,5,47.1883,1354,1
3721,31.9919,32.0430,4096,256.6250,5,47.1883,1354,1
3722,31.9919,32.0430,4096,256.6250,5,47.1883,1354,1
3723,31.9919,32.0430,4096,256.6250,5,47.1883,1354,1
3724,31.9919,32.0430,4096,256.6250,5,47.1883,1355,1
3725,31.9919,32.0430,4096,256.6250,5,47.1883,1355,1
3726,31.9919,32.0430,4096,256.6250,5,47.1883,1355,1
3727,31.9919,32.0430,4096,256.6250,5,47.1883,1356,1
3728,31.9919,32.0430,4096,256.6250,5,47.1883,1356,1
3729,31.9919,32.0430,4096,256.6250,5,47.1883,1356,1
3730,31.9919,32.0430,4096,256.6250,5,47.1883,1356,1
3731,31.9919,32.0430,4096,256.6250,5,47.1883,1357,1
3732,31.9919,32.0430,4096,256.6250,5,47.1883,1358,1
3733,31.9919,32.0430,4096,256.6250,5,47.1883,1358,1
3734,31.9919,32.0430,4096,256.6250,5,47.1883,1358,1
3735,31.9919,32.0430,4096,256.6250,5,47.1883,1358,1
3736,31.9919,32.0430,4096,256.6250,5,47.1883,1358,1
3737,31.9919,32.0430,4096,256.6250,5,47.1883,1359,1
3738,31.9919,32.0430,4096,256.6250,5,47.1883,1359,1
3739,31.9919,32.0430,4096,256.6250,5,47.1883,1360,1
3740,31.9919,32.0430,4096,256.6250,5,47.1883,1361,1
3741,31.9919,32.0430,4096,256.6250,5,47.1883,1362,1
3742,31.9919,32.0430,4096,256.6250,5,47.1883,1362,1
3743,31.9919,32.0430,4096,256.6250,5,47.1883,1363,1
3744,31.9919,32.0430,4096,256.6250,5,47.1883,1363,1
3745,31.9919,32.0430,4096,256.6250,5,47.1883,1364,1
3746,31.9919,32.0430,4096,256.6250,5,47.1883,1364,1
3747,31.9919,32.0430,4096,256.6250,5,47.1883,1364,1
3748,31.9919,32.0430,4096,256.6250,5,47.1883,1365,1
3749,31.9919,32.0430,4096,256.6250,5,47.1883,1365,1
3750,31.9919,32.0430,4096,256.6250,5,47.1883,1365,1
3751,31.9919,32.0430,4096,256.6250,5,47.1883,1365,1
3752,31.9919,32.0430,4096,256.6250,5,47.1883,1366,1
3753,31.9919,32.0430,4096,256.6250,5,47.1883,1367,1
3754,31.9919,32.0430,4096,256.6250,5,47.1883,1367,1
3755,31.9919,32.0430,4096,256.6250,5,47.1883,1367,1
3756,31.9919,32.0430,4096,256.6250,5,47.1883,1367,1
3757,31.9919,32.0430,4096,256.6250,5,47.1883,1367,1
3758,31.9919,32.0430,4096,256.6250,5,47.1883,1367,1
3759,31.9919,32.0430,4096,256.6250,5,47.1883,1368,1
3760,31.9919,32.0430,4096,256.6250,5,47.1883,1369,1
3761,31.9919,32.0430,4096,256.6250,5,47.1883,1370,1
3762,31.9919,32.0430,4096,256.6250,5,47.1883,1370,1
3763,31.9919,32.0430,4096,256.6250,5,47.1883,1370,1
3764,31.9919,32.0430,4096,256.6250,5,47.1883,1371,1
3765,31.9919,32.0430,4096,256.6250,5,47.1883,1371,1
3766,31.9919,32.0430,4096,256.6250,5,47.1883,1371,1
3767,31.9919,32.0430,4096,256.6250,5,47.1883,1372,1
3768,31.9919,32.0430,4096,256.6250,5,47.1883,1372,1
3769,31.9919,32.0430,4096,256.6250,5,47.1883,1373,1
3770,31.9919,32.0430,4096,256.6250,5,47.1883,1373,1
3771,31.9919,32.0430,4096,256.6250,5,47.1883,1373,1
3772,31.9919,32.0430,4096,256.6250,5,47.1883,1373,1
3773,31.9919,32.0430,4096,256.6250,5,47.1883,1373,1
3774,31.9919,32.0430,4096,256.6250,5,47.1883,1374,1
3775,31.9919,32.0430,4096,256.6250,5,47.1883,1374,1
3776,31.9919,32.0430,4096,256.6250,5,47.1883,1374,1
3777,31.9919,32.0430,4096,256.6250,5,47.1883,1374,1
3778,31.9919,32.0430,4096,256.6250,5,47.1883,1374,1
3779,31.9919,32.0430,4096,256.6250,5,47.1883,1374,1
3780,31.9919,32.0430,4096,256.6250,5,47.1883,1374,1
3781,31.9919,32.0430,4096,256.6250,5,47.1883,1374,1
3782,31.9919,32.0430,4096,256.6250,5,47.1883,1374,1
3783,31.9919,32.0430,4096,256.6250,5,47.1883,1375,1
3784,31.9919,32.0430,4096,256.6250,5,47.1883,1376,1
3785,31.9919,32.0430,4096,256.6250,5,47.1883,1376,1
3786,31.9919,32.0430,4096,256.6250,5,47.1883,1376,1
3787,31.9919,32.0430,4096,256.6250,5,47.1883,1377,1
3788,31.9919,32.0430,4096,256.6250,5,47.1883,1377,1
3789,31.9919,32.0430,4096,256.6250,5,47.1883,1377,1
3790,31.9919,32.0430,4096,256.6250,5,47.1883,1378,1
3791,31.9919,32.0430,4096,256.6250,5,47.1883,1379,1
3792,31.9919,32.0430,4096,256.6250,5,47.1883,1379,1
3793,31.9919,32.0430,4096,256.6250,5,47.1883,1380,1
3794,31.9919,32.0430,4096,256.6250,5,47.1883,1380,1
3795,31.9919,32.0430,4096,256.6250,5,47.1883,1380,1
3796,31.9919,32.0430,4096,256.6250,5,47.1883,1381,1
3797,31.9919,32.0430,4096,256.6250,5,47.1883,1381,1
3798,31.9919,32.0430,4096,256.6250,5,47.1883,1381,1
3799,31.9919,32.0430,4096,256.6250,5,47.1883,1381,1
3800,31.9919,32.0430,4096,256.6250,5,47.1883,1381,1
3801,31.9919,32.0430,4096,256.6250,5,47.1883,1382,1
3802,31.9919,32.0430,4096,256.6250,5,47.1883,1383,1
3803,31.9919,32.0430,4096,256.6250,5,47.1883,1384,1
3804,31.9919,32.0430,4096,256.6250,5,47.1883,1384,1
3805,31.9919,32.0430,4096,256.6250,5,47.1883,1384,1
3806,31.9919,32.0430,4096,256.6250,5,47.1883,1384,1
3807,31.9919,32.0430,4096,256.6250,5,47.1883,1384,1
3808,31.9919,32.0430,4096,256.6250,5,47.1883,1384,1
3809,31.9919,32.0430,4096,256.6250,5,47.1883,1384,1
3810,31.9919,32.0430,4096,256.6250,5,47.1883,1384,1
3811,31.9919,32.0430,4096,256.6250,5,47.1883,1384,1
3812,31.9919,32.0430,4096,256.6250,5,47.1883,1384,1
3813,31.9919,32.0430,4096,256.6250,5,47.1883,1384,1
3814,31.9919,32.0430,4096,256.6250,5,47.1883,1385,1
3815,31.9919,32.0430,4096,256.6250,5,47.1883,1386,1
3816,31.9919,32.0430,4096,256.6250,5,47.1883,1386,1
3817,31.9919,32.0430,4096,256.6250,5,47.1883,1386,1
3818,31.9919,32.0430,4096,256.6250,5,47.1883,1386,1
3819,31.9919,32.0430,4096,256.6250,5,47.1883,1386,1
3820,31.9919,32.0430,4096,256.6250,5,47.1883,1387,1
3821,31.9919,32.0430,4096,256.6250,5,47.1883,1388,1
3822,31.9919,32.0430,4096,256.6250,5,47.1883,1388,1
3823,31.9919,32.0430,4096,256.6250,5,47.1883,1389,1
3824,31.9919,32.0430,4096,256.6250,5,47.1883,1389,1
3825,31.9919,32.0430,4096,256.6250,5,47.1883,1390,1
3826,31.9919,32.0430,4096,256.6250,5,47.1883,1390,1
3827,31.9919,32.0430,4096,256.6250,5,47.1883,1391,1
3828,31.9919,32.0430,4096,256.6250,5,47.1883,1392,1
3829,31.9919,32.0430,4096,256.6250,5,47.1883,1392,1
3830,31.9919,32.0430,4096,256.6250,5,47.1883,1392,1
3831,31.9919,32.0430,4096,256.6250,5,47.1883,1392,1
3832,31.9919,32.0430,4096,256.6250,5,47.1883,1392,1
3833,31.9919,32.0430,4096,256.6250,5,47.1883,1392,1
3834,31.9919,32.0430,4096,256.6250,5,47.1883,1392,1
3835,31.9919,32.0430,4096,256.6250,5,47.1883,1392,1
3836,31.9919,32.0430,4096,256.6250,5,47.1883,1393,1
3837,31.9919,32.0430,4096,256.6250,5,47.1883,1393,1
3838,31.9919,32.0430,4096,256.6250,5,47.1883,1393,1
3839,31.9919,32.0430,4096,256.6250,5,47.1883,1393,1
3840,31.9919,32.0430,4096,256.6250,5,47.1883,1394,1
3841,31.9919,32.0430,4096,256.6250,5,47.1883,1394,1
3842,31.9919,32.0430,4096,256.6250,5,47.1883,1394,1
3843,31.9919,32.0430,4096,256.6250,5,47.1883,1394,1
3844,31.9919,32.0430,4096,256.6250,5,47.1883,1394,1
3845,31.9919,32.0430,4096,256.6250,5,47.1883,1395,1
3846,31.9919,32.0430,4096,256.6250,5,47.1883,1395,1
3847,31.9919,32.0430,4096,256.6250,5,47.1883,1396,1
3848,31.9919,32.0430,4096,256.6250,5,47.1883,1396,1
3849,31.9919,32.0430,4096,256.6250,5,47.1883,1396,1
3850,31.9919,32.0430,4096,256.6250,5,47.1883,1396,1
3851,31.9919,32.0430,4096,256.6250,5,47.1883,1396,1
3852,31.9919,32.0430,4096,256.6250,5,47.1883,1396,1
3853,31.9919,32.0430,4096,256.6250,5,47.1883,1396,1
3854,31.9919,32.0430,4096,256.6250,5,47.1883,1397,1
3855,31.9919,32.0430,4096,256.6250,5,47.1883,1398,1
3856,31.9919,32.0430,4096,256.6250,5,47.1883,1398,1
3857,31.9919,32.0430,4096,256.6250,5,47.1883,1398,1
3858,31.9919,32.0430,4096,256.6250,5,47.1883,1398,1
3859,31.9919,32.0430,4096,256.6250,5,47.1883,1398,1
3860,31.9919,32.0430,4096,256.6250,5,47.1883,1398,1
3861,31.9919,32.0430,4096,256.6250,5,47.1883,1399,1
3862,31.9919,32.0430,4096,256.6250,5,47.1883,1399,1
3863,31.9919,32.0430,4096,256.6250,5,47.1883,1399,1
3864,31.9919,32.0430,4096,256.6250,5,47.1883,1399,1
3865,31.9919,32.0430,4096,256.6250,5,47.1883,1400,1
3866,31.9919,32.0430,4096,256.6250,5,47.1883,1400,1
3867,31.9919,32.0430,4096,256.6250,5,47.1883,1400,1
3868,31.9919,32.0430,4096,256.6250,5,47.1883,1400,1
3869,31.9919,32.0430,4096,256.6250,5,47.1883,1400,1
3870,31.9919,32.0430,4096,256.6250,5,47.1883,1400,1
3871,31.9919,32.0430,4096,256.6250,5,47.1883,1400,1
3872,31.9919,32.0430,4096,256.6250,5,47.1883,1400,1
3873,31.9919,32.0430,4096,256.6250,5,47.1883,1401,1
3874,31.9919,32.0430,4096,256.6250,5,47.1883,1401,1
3875,31.9919,32.0430,4096,256.6250,5,47.1883,1401,1
3876,31.9919,32.0430,4096,256.6250,5,47.1883,1402,1
3877,31.9919,32.0430,4096,256.6250,5,47.1883,1402,1
3878,31.9919,32.0430,4096,256.6250,5,47.1883,1402,1
3879,31.9919,32.0430,4096,256.6250,5,47.1883,1402,1
3880,31.9919,32.0430,4096,256.6250,5,47.1883,1402,1
3881,31.9919,32.0430,4096,256.6250,5,47.1883,1402,1
3882,31.9919,32.0430,4096,256.6250,5,47.1883,1402,1
3883,31.9919,32.0430,4096,256.6250,5,47.1883,1402,1
3884,31.9919,32.0430,4096,256.6250,5,47.1883,1402,1
3885,31.9919,32.0430,4096,256.6250,5,47.1883,1402,1
3886,31.9919,32.0430,4096,256.6250,5,47.1883,1402,1
3887,31.9919,32.0430,4096,256.6250,5,47.1883,1403,1
3888,31.9919,32.0430,4096,256.6250,5,47.1883,1403,1
3889,31.9919,32.0430,4096,256.6250,5,47.1883,1403,1
3890,31.9919,32.0430,4096,256.6250,5,47.1883,1404,1
3891,31.9919,32.0430,4096,256.6250,5,47.1883,1404,1
3892,31.9919,32.0430,4096,256.6250,5,47.1883,1404,1
3893,31.9919,32.0430,4096,256.6250,5,47.1883,1404,1
3894,31.9919,32.0430,4096,256.6250,5,47.1883,1405,1
3895,31.9919,32.0430,4096,256.6250,5,47.1883,1406,1
3896,31.9919,32.0430,4096,256.6250,5,47.1883,1407,1
3897,31.9919,32.0430,4096,256.6250,5,47.1883,1408,1
3898,31.9919,32.0430,4096,256.6250,5,47.1883,1408,1
3899,31.9919,32.0430,4096,256.6250,5,47.1883,1408,1
3900,31.9919,32.0430,4096,256.6250,5,47.1883,1408,1
3901,31.9919,32.0430,4096,256.6250,5,47.1883,1409,1
3902,31.9919,32.0430,4096,256.6250,5,47.1883,1409,1
3903,31.9919,32.0430,4096,256.6250,5,47.1883,1409,1
3904,31.9919,32.0430,4096,256.6250,5,47.1883,1409,1
3905,31.9919,32.0430,4096,256.6250,5,47.1883,1409,1
3906,31.9919,32.0430,4096,256.6250,5,47.1883,1410,1
3907,31.9919,32.0430,4096,256.6250,5,47.1883,1410,1
3908,31.9919,32.0430,4096,256.6250,5,47.1883,1410,1
3909,31.9919,32.0430,4096,256.6250,5,47.1883,1410,1
3910,31.9919,32.0430,4096,256.6250,5,47.1883,1410,1
3911,31.9919,32.0430,4096,256.6250,5,47.1883,1410,1
3912,31.9919,32.0430,4096,256.6250,5,47.1883,1410,1
3913,31.9919,32.0430,4096,256.6250,5,47.1883,1410,1
3914,31.9919,32.0430,4096,256.6250,5,47.1883,1411,1
3915,31.9919,32.0430,4096,256.6250,5,47.1883,1411,1
3916,31.9919,32.0430,4096,256.6250,5,47.1883,1411,1
3917,31.9919,32.0430,4096,256.6250,5,47.1883,1411,1
3918,31.9919,32.0430,4096,256.6250,5,47.1883,1411,1
3919,31.9919,32.0430,4096,256.6250,5,47.1883,1412,1
3920,31.9919,32.0430,4096,256.6250,5,47.1883,1412,1
3921,31.9919,32.0430,4096,256.6250,5,47.1883,1412,1
3922,31.9919,32.0430,4096,256.6250,5,47.1883,1413,1
3923,31.9919,32.0430,4096,256.6250,5,47.1883,1413,1
3924,31.9919,32.0430,4096,256.6250,5,47.1883,1413,1
3925,31.9919,32.0430,4096,256.6250,5,47.1883,1414,1
3926,31.9919,32.0430,4096,256.6250,5,47.1883,1415,1
3927,31.9919,32.0430,4096,256.6250,5,47.1883,1415,1
3928,31.9919,32.0430,4096,256.6250,5,47.1883,1416,1
3929,31.9919,32.0430,4096,256.6250,5,47.1883,1417,1
3930,31.9919,32.0430,4096,256.6250,5,47.1883,1417,1
3931,31.9919,32.0430,4096,256.6250,5,47.1883,1418,1
3932,31.9919,32.0430,4096,256.6250,5,47.1883,1418,1
3933,31.9919,32.0430,4096,256.6250,5,47.1883,1418,1
3934,31.9919,32.0430,4096,256.6250,5,47.1883,1418,1
3935,31.9919,32.0430,4096,256.6250,5,47.1883,1419,1
3936,31.9919,32.0430,4096,256.6250,5,47.1883,1419,1
3937,31.9919,32.0430,4096,256.6250,5,47.1883,1419,1
3938,31.9919,32.0430,4096,256.6250,5,47.1883,1419,1
3939,31.9919,32.0430,4096,256.6250,5,47.1883,1419,1
3940,31.9919,32.0430,4096,256.6250,5,47.1883,1420,1
3941,31.9919,32.0430,4096,256.6250,5,47.1883,1420,1
3942,31.9919,32.0430,4096,256.6250,5,47.1883,1420,1
3943,31.9919,32.0430,4096,256.6250,5,47.1883,1421,1
3944,31.9919,32.0430,4096,256.6250,5,47.1883,1422,1
3945,31.9919,32.0430,4096,256.6250,5,47.1883,1422,1
3946,31.9919,32.0430,4096,256.6250,5,47.1883,1423,1
3947,31.9919,32.0430,4096,256.6250,5,47.1883,1424,1
3948,31.9919,32.0430,4096,256.6250,5,47.1883,1424,1
3949,31.9919,32.0430,4096,256.6250,5,47.1883,1425,1
3950,31.9919,32.0430,4096,256.6250,5,47.1883,1425,1
3951,31.9919,32.0430,4096,256.6250,5,47.1883,1425,1
3952,31.9919,32.0430,4096,256.6250,5,47.1883,1425,1
3953,31.9919,32.0430,4096,256.6250,5,47.1883,1426,1
3954,31.9919,32.0430,4096,256.6250,5,47.1883,1426,1
3955,31.9919,32.0430,4096,256.6250,5,47.1883,1426,1
3956,31.9919,32.0430,4096,256.6250,5,47.1883,1426,1
3957,31.9919,32.0430,4096,256.6250,5,47.1883,1427,1
3958,31.9919,32.0430,4096,256.6250,5,47.1883,1427,1
3959,31.9919,32.0430,4096,256.6250,5,47.1883,1428,1
3960,31.9919,32.0430,4096,256.6250,5,47.1883,1428,1
3961,31.9919,32.0430,4096,256.6250,5,47.1883,1428,1
3962,31.9919,32.0430,4096,256.6250,5,47.1883,1428,1
3963,31.9919,32.0430,4096,256.6250,5,47.1883,1428,1
3964,31.9919,32.0430,4096,256.6250,5,47.1883,1428,1
3965,31.9919,32.0430,4096,256.6250,5,47.1883,1428,1
3966,31.9919,32.0430,4096,256.6250,5,47.1883,1428,1
3967,31.9919,32.0430,4096,256.6250,5,47.1883,1428,1
3968,31.9919,32.0430,4096,256.6250,5,47.1883,1429,1
3969,31.9919,32.0430,4096,256.6250,5,47.1883,1429,1
3970,31.9919,32.0430,4096,256.6250,5,47.1883,1430,1
3971,31.9919,32.0430,4096,256.6250,5,47.1883,1430,1
3972,31.9919,32.0430,4096,256.6250,5,47.1883,1430,1
3973,31.9919,32.0430,4096,256.6250,5,47.1883,1430,1
3974,31.9919,32.0430,4096,256.6250,5,47.1883,1430,1
3975,31.9919,32.0430,4096,256.6250,5,47.1883,1431,1
3976,31.9919,32.0430,4096,256.6250,5,47.1883,1431,1
3977,31.9919,32.0430,4096,256.6250,5,47.1883,1431,1
3978,31.9919,32.0430,4096,256.6250,5,47.1883,1432,1
3979,31.9919,32.0430,4096,256.6250,5,47.1883,1432,1
3980,31.9919,32.0430,4096,256.6250,5,47.1883,1433,1
3981,31.9919,32.0430,4096,256.6250,5,47.1883,1434,1
3982,31.9919,32.0430,4096,256.6250,5,47.1883,1434,1
3983,31.9919,32.0430,4096,256.6250,5,47.1883,1435,1
3984,31.9919,32.0430,4096,256.6250,5,47.1883,1435,1
3985,31.9919,32.0430,4096,256.6250,5,47.1883,1436,1
3986,31.9919,32.0430,4096,256.6250,5,47.1883,1437,1
3987,31.9919,32.0430,4096,256.6250,5,47.1883,1438,1
3988,31.9919,32.0430,4096,256.6250,5,47.1883,1438,1
3989,31.9919,32.0430,4096,256.6250,5,47.1883,1438,1
3990,31.9919,32.0430,4096,256.6250,5,47.1883,1438,1
3991,31.9919,32.0430,4096,256.6250,5,47.1883,1438,1
3992,31.9919,32.0430,4096,256.6250,5,47.1883,1438,1
3993,31.9919,32.0430,4096,256.6250,5,47.1883,1438,1
3994,31.9919,32.0430,4096,256.6250,5,47.1883,1438,1
3995,31.9919,32.0430,4096,256.6250,5,47.1883,1439,1
3996,31.9919,32.0430,4096,256.6250,5,47.1883,1439,1
3997,31.9919,32.0430,4096,256.6250,5,47.1883,1439,1
3998,31.9919,32.0430,4096,256.6250,5,47.1883,1439,1
3999,31.9919,32.0430,4096,256.6250,5,47.1883,1439,1
